country,1991/1,1991/10,1991/11,1991/12,1991/2,1991/3,1991/4,1991/5,1991/6,1991/7,1991/8,1991/9,1992/1,1992/10,1992/11,1992/12,1992/2,1992/3,1992/4,1992/5,1992/6,1992/7,1992/8,1992/9,1993/1,1993/10,1993/11,1993/12,1993/2,1993/3,1993/4,1993/5,1993/6,1993/7,1993/8,1993/9,1994/1,1994/10,1994/11,1994/12,1994/2,1994/3,1994/4,1994/5,1994/6,1994/7,1994/8,1994/9,1995/1,1995/10,1995/11,1995/12,1995/2,1995/3,1995/4,1995/5,1995/6,1995/7,1995/8,1995/9,1996/1,1996/10,1996/11,1996/12,1996/2,1996/3,1996/4,1996/5,1996/6,1996/7,1996/8,1996/9,1997/1,1997/10,1997/11,1997/12,1997/2,1997/3,1997/4,1997/5,1997/6,1997/7,1997/8,1997/9,1998/1,1998/10,1998/11,1998/12,1998/2,1998/3,1998/4,1998/5,1998/6,1998/7,1998/8,1998/9,1999/1,1999/10,1999/11,1999/12,1999/2,1999/3,1999/4,1999/5,1999/6,1999/7,1999/8,1999/9,2000/1,2000/10,2000/11,2000/12,2000/2,2000/3,2000/4,2000/5,2000/6,2000/7,2000/8,2000/9,2001/1,2001/10,2001/11,2001/12,2001/2,2001/3,2001/4,2001/5,2001/6,2001/7,2001/8,2001/9,2002/1,2002/10,2002/11,2002/12,2002/2,2002/3,2002/4,2002/5,2002/6,2002/7,2002/8,2002/9,2003/1,2003/10,2003/11,2003/12,2003/2,2003/3,2003/4,2003/5,2003/6,2003/7,2003/8,2003/9,2004/1,2004/10,2004/11,2004/12,2004/2,2004/3,2004/4,2004/5,2004/6,2004/7,2004/8,2004/9,2005/1,2005/10,2005/11,2005/12,2005/2,2005/3,2005/4,2005/5,2005/6,2005/7,2005/8,2005/9,2006/1,2006/10,2006/11,2006/12,2006/2,2006/3,2006/4,2006/5,2006/6,2006/7,2006/8,2006/9,2007/1,2007/10,2007/11,2007/12,2007/2,2007/3,2007/4,2007/5,2007/6,2007/7,2007/8,2007/9,2008/1,2008/10,2008/11,2008/12,2008/2,2008/3,2008/4,2008/5,2008/6,2008/7,2008/8,2008/9,2009/1,2009/10,2009/11,2009/12,2009/2,2009/3,2009/4,2009/5,2009/6,2009/7,2009/8,2009/9,2010/1,2010/10,2010/11,2010/12,2010/2,2010/3,2010/4,2010/5,2010/6,2010/7,2010/8,2010/9,2011/1,2011/10,2011/11,2011/12,2011/2,2011/3,2011/4,2011/5,2011/6,2011/7,2011/8,2011/9,2012/1,2012/10,2012/11,2012/12,2012/2,2012/3,2012/4,2012/5,2012/6,2012/7,2012/8,2012/9,2013/1,2013/10,2013/11,2013/12,2013/2,2013/3,2013/4,2013/5,2013/6,2013/7,2013/8,2013/9,2015/1,2015/10,2015/11,2015/12,2015/2,2015/3,2015/4,2015/5,2015/6,2015/7,2015/8,2015/9
AT,4730.0,4124.0,4345.0,4655.0,4553.0,4303.0,3936.0,3852.0,3632.0,3749.0,3623.0,3609.0,4720.0,4121.0,4274.0,4559.0,4360.0,4372.0,3899.0,3673.0,3578.0,3651.0,3507.0,3634.0,4601.0,4070.0,4500.0,4616.0,4405.0,4577.0,3865.0,3597.0,3533.0,3685.0,3598.0,3792.0,4588.0,4146.0,4250.0,4687.0,4345.0,4342.0,3924.0,3766.0,3685.0,3646.0,3612.0,3751.0,4974.0,4083.0,4609.0,4835.0,4227.0,4642.0,3999.0,3883.0,3772.0,3761.0,3707.0,3918.0,5142.0,4492.0,4497.0,4981.0,4934.0,4825.0,4171.0,3918.0,3806.0,3956.0,3813.0,4124.0,5286.0,4681.0,4777.0,4984.0,4529.0,4658.0,4442.0,4012.0,4000.0,4086.0,3966.0,4118.0,5082.0,4674.0,4917.0,5255.0,4549.0,4935.0,4339.0,4146.0,4058.0,4180.0,4073.0,4313.0,5209.0,4652.0,5086.0,5391.0,4932.0,4915.0,4419.0,4270.0,4247.0,4352.0,4222.0,4318.0,5607.0,4952.0,5119.0,5415.0,5133.0,5267.0,4597.0,4512.0,4354.0,4509.0,4451.0,4597.0,5723.0,5136.0,5466.0,5853.0,5096.0,5362.0,4808.0,4627.0,4460.0,4641.0,4509.0,4739.0,6262.0,5336.0,5815.0,5704.0,5047.0,5161.0,4799.0,4372.0,4380.0,4544.0,4301.0,4702.0,5916.0,5325.0,5211.0,5566.0,5513.0,5444.0,4797.0,4492.0,4432.0,4671.0,4501.0,4642.0,6240.0,5537.0,5954.0,6215.0,5841.0,6122.0,5409.0,5233.0,5240.0,5281.0,4983.0,5244.0,5339.0,5432.0,5805.0,6211.0,5051.0,5218.0,5180.0,5023.0,4994.0,5063.0,4846.0,5012.0,6407.0,5561.0,5766.0,6054.0,5757.0,5704.0,5266.0,5240.0,5154.0,5273.0,5130.0,5188.0,6266.0,5865.0,6058.0,6292.0,5520.0,5896.0,5194.0,5298.0,5199.0,5341.0,5179.0,5331.0,6356.0,5764.0,5762.0,6066.0,5879.0,6064.0,5603.0,5363.0,5345.0,5448.0,5244.0,5484.0,6258.0,5646.0,5718.0,6121.0,5637.0,5865.0,5009.0,5025.0,4966.0,5188.0,4991.0,5211.0,6348.0,5798.0,5903.0,6551.0,5752.0,6030.0,5342.0,5301.0,5264.0,5393.0,5243.0,5399.0,6417.0,5754.0,5990.0,6204.0,5849.0,6163.0,5348.0,5423.0,5193.0,5396.0,5383.0,5447.0,6348.0,5835.0,5926.0,6314.0,6353.0,6062.0,5444.0,5406.0,5323.0,5475.0,5397.0,5377.0,6541.0,5900.0,6051.0,6264.0,5974.0,6269.0,5587.0,5395.0,5337.0,5514.0,5340.0,5437.0,6498.0,5900.0,6005.0,6234.0,5984.0,6203.0,5542.0,5468.0,5376.0,5588.0,5436.0,5271.0
BA,,,,,,,,,,,,,,,,,,,,,,,,,,,,,,,,,,,,,,,,,,,,,,,,,,,,,,,,,,,,,,,,,,,,,,,,,,,,,,,,,,,,,,,,,,,,,,,,,,,,,,,,,,,,,,,,,,,,,,,,,,,,,,,,,,,,,,,,,,,,,,,,,1251.0,965.0,1325.0,1428.0,1047.0,1160.0,1141.0,979.0,943.0,846.0,776.0,749.0,1013.0,950.0,951.0,1058.0,922.0,941.0,829.0,790.0,769.0,802.0,810.0,795.0,1037.0,917.0,1037.0,1085.0,983.0,988.0,882.0,832.0,909.0,841.0,856.0,824.0,1118.0,907.0,963.0,1069.0,976.0,986.0,847.0,852.0,837.0,853.0,861.0,840.0,1024.0,985.0,1016.0,1114.0,890.0,952.0,851.0,869.0,842.0,889.0,874.0,865.0,1093.0,983.0,993.0,1087.0,998.0,1012.0,911.0,908.0,888.0,928.0,939.0,835.0,1100.0,939.0,961.0,1055.0,935.0,963.0,816.0,831.0,813.0,863.0,879.0,846.0,1073.0,1031.0,1001.0,1158.0,977.0,1015.0,911.0,898.0,875.0,929.0,944.0,913.0,1155.0,1014.0,1086.0,1157.0,1038.0,1075.0,938.0,939.0,908.0,967.0,984.0,925.0,1161.0,990.0,993.0,1139.0,1135.0,1020.0,957.0,934.0,913.0,976.0,983.0,921.0,1111.0,1002.0,1030.0,1168.0,1009.0,1060.0,946.0,920.0,904.0,967.0,978.0,921.0,1118.0,1001.0,1040.0,1166.0,1004.0,1049.0,946.0,917.0,900.0,985.0,967.0,927.0
BE,6157.0,5744.0,5924.0,6166.0,5802.0,5623.0,5255.0,5200.0,5024.0,4608.0,4733.0,5062.0,6423.0,6053.0,5915.0,6150.0,5894.0,5992.0,5535.0,5219.0,5121.0,4746.0,5022.0,5371.0,6289.0,6074.0,6224.0,6449.0,5871.0,6092.0,5508.0,5273.0,5245.0,4765.0,5017.0,5521.0,6531.0,6297.0,6248.0,6711.0,6067.0,6417.0,5892.0,5572.0,5528.0,5031.0,5327.0,5827.0,7002.0,6137.0,6374.0,6863.0,6185.0,6715.0,6038.0,5900.0,5724.0,5242.0,5526.0,5819.0,7072.0,6467.0,6693.0,7137.0,6752.0,6807.0,5983.0,6007.0,5591.0,5361.0,5481.0,5932.0,7536.0,6721.0,6798.0,7180.0,6412.0,6634.0,6331.0,6046.0,5906.0,5645.0,5800.0,6059.0,7327.0,6983.0,7098.0,7223.0,6602.0,7091.0,6574.0,6290.0,6099.0,5840.0,5912.0,6377.0,7171.0,7035.0,7237.0,7572.0,6755.0,7128.0,6494.0,6212.0,6186.0,5873.0,6071.0,6366.0,7552.0,7210.0,7323.0,7506.0,7107.0,7422.0,6680.0,6714.0,6323.0,6167.0,6284.0,6563.0,7906.0,7064.0,7301.0,7605.0,7077.0,7602.0,6904.0,6628.0,6351.0,6152.0,6344.0,6620.0,7823.0,7390.0,7343.0,7799.0,7212.0,7341.0,6826.0,6761.0,6541.0,6395.0,6448.0,6711.0,8209.0,7611.0,7481.0,7889.0,7460.0,7516.0,7001.0,6860.0,6599.0,6517.0,6501.0,6838.0,8173.0,7542.0,7686.0,8131.0,7557.0,7857.0,7110.0,6956.0,6843.0,6604.0,6751.0,7066.0,8164.0,7305.0,7769.0,8237.0,7534.0,7844.0,7171.0,6993.0,6812.0,6481.0,6636.0,6981.0,8498.0,7603.0,7741.0,8080.0,7768.0,8261.0,7290.0,7234.0,7001.0,6906.0,6859.0,7121.0,8332.0,7803.0,8012.0,8248.0,7476.0,7950.0,7084.0,7174.0,7035.0,6874.0,7032.0,7140.0,8466.0,7637.0,7425.0,7551.0,7991.0,8095.0,7598.0,7332.0,7076.0,6950.0,6880.0,7204.0,8029.0,7331.0,7206.0,7849.0,7160.0,7189.0,6445.0,6522.0,6417.0,6344.0,6494.0,6819.0,8403.0,7604.0,7821.0,8574.0,7552.0,7892.0,7242.0,7200.0,7008.0,6876.0,6921.0,7106.0,8748.0,7188.0,7276.0,7593.0,7408.0,7818.0,7002.0,7103.0,6874.0,6602.0,6676.0,6732.0,7911.0,7041.0,7306.0,7482.0,7956.0,7487.0,6915.0,6764.0,6544.0,6276.0,6648.0,6527.0,8037.0,7470.0,7737.0,7621.0,7217.0,7797.0,6989.0,6824.0,6556.0,6582.0,6663.0,6746.0,8057.0,7221.0,7202.0,7284.0,7312.0,7653.0,6940.0,6795.0,6657.0,6548.0,6609.0,6731.0
BG,,,,,,,,,,,,,,,,,,,,,,,,,,,,,,,,,,,,,,,,,,,,,,,,,,,,,,,,,,,,,,,,,,,,,,,,,,,,,,,,,,,,,,,,,,,,,,,,,,,,,,,,,,,,,,,,,,,,,,,,,,,,,,,,,,,,,,,,,,,,,,,,,3899.0,2968.0,3239.0,3917.0,3770.0,3643.0,3000.0,2375.0,2342.0,2524.0,2518.0,2499.0,3633.0,2743.0,3160.0,3564.0,3457.0,3269.0,2662.0,2529.0,2440.0,2537.0,2527.0,2496.0,3584.0,2964.0,3386.0,3667.0,3420.0,3418.0,2780.0,2517.0,2492.0,2652.0,2629.0,2574.0,3999.0,2642.0,3035.0,3351.0,3530.0,3447.0,2735.0,2686.0,2630.0,2424.0,2485.0,2708.0,3204.0,2768.0,3100.0,3635.0,2971.0,3052.0,2562.0,2464.0,2438.0,2360.0,2339.0,2233.0,3917.0,2722.0,2982.0,3304.0,3295.0,2954.0,2637.0,2522.0,2459.0,2578.0,2584.0,2499.0,3609.0,2578.0,2766.0,3180.0,3076.0,3192.0,2533.0,2293.0,2274.0,2436.0,2369.0,2270.0,3483.0,2739.0,2634.0,3253.0,3048.0,3018.0,2440.0,2284.0,2021.0,2113.0,2239.0,2265.0,3471.0,2713.0,3112.0,3163.0,3102.0,3083.0,2573.0,2408.0,2325.0,2487.0,2459.0,2337.0,3552.0,2387.0,2711.0,3316.0,3574.0,2977.0,2334.0,2281.0,2285.0,2475.0,2391.0,2180.0,3387.0,2648.0,2752.0,3358.0,2919.0,2891.0,2432.0,2207.0,2345.0,2453.0,2495.0,2314.0,3455.0,2703.0,2766.0,3171.0,3068.0,3111.0,2639.0,2404.0,2363.0,2611.0,2537.0,2416.0
CH,4927.0,4391.0,4670.0,4903.0,4727.0,4457.0,4185.0,4090.0,3805.0,3637.0,3697.0,3847.0,5088.0,4432.0,4500.0,4738.0,4973.0,4693.0,4158.0,3938.0,3733.0,3704.0,3741.0,3923.0,4798.0,4371.0,4774.0,4788.0,4555.0,4777.0,3992.0,3803.0,3772.0,3659.0,3689.0,3950.0,4820.0,4311.0,4443.0,4722.0,4514.0,4437.0,4177.0,3911.0,3883.0,3638.0,3707.0,3984.0,5158.0,4199.0,4682.0,4911.0,4379.0,4814.0,4045.0,4001.0,3882.0,3710.0,3756.0,4030.0,5075.0,4373.0,4850.0,4930.0,4928.0,4764.0,4109.0,3964.0,3770.0,3738.0,3733.0,4148.0,5225.0,4515.0,4791.0,5004.0,4533.0,4521.0,4235.0,3984.0,3854.0,3810.0,3815.0,4040.0,5106.0,4472.0,4955.0,5142.0,4608.0,4822.0,4289.0,4038.0,3980.0,3867.0,3893.0,4202.0,5189.0,4611.0,5104.0,5306.0,4996.0,5038.0,4447.0,4147.0,3999.0,3920.0,4017.0,4282.0,5474.0,4791.0,5126.0,5131.0,5021.0,5084.0,4427.0,4434.0,4173.0,4142.0,4229.0,4369.0,5514.0,4803.0,5233.0,5495.0,4955.0,5226.0,4715.0,4501.0,4286.0,4341.0,4322.0,4509.0,5748.0,5019.0,5146.0,5406.0,4977.0,5152.0,4762.0,4611.0,4380.0,4342.0,4349.0,4561.0,5722.0,5106.0,5200.0,5523.0,5381.0,5217.0,4729.0,4459.0,4502.0,4433.0,4435.0,4554.0,5773.0,5024.0,5383.0,5777.0,5333.0,5540.0,4776.0,4646.0,4534.0,4446.0,4510.0,4645.0,6004.0,5221.0,5532.0,6070.0,5593.0,5612.0,5065.0,4826.0,4782.0,4703.0,4723.0,4916.0,6221.0,5145.0,5468.0,5802.0,5586.0,5968.0,4987.0,4930.0,4792.0,4718.0,4692.0,4914.0,5856.0,5400.0,5816.0,6027.0,5317.0,5672.0,4817.0,4920.0,4824.0,4730.0,4763.0,4918.0,6061.0,5392.0,5642.0,5998.0,5611.0,5732.0,5373.0,4979.0,4907.0,4855.0,4807.0,5077.0,6297.0,5291.0,5512.0,6037.0,5611.0,5710.0,4797.0,4765.0,4675.0,4727.0,4744.0,4846.0,6329.0,5519.0,5797.0,6409.0,5698.0,5968.0,5107.0,5096.0,4946.0,4919.0,4898.0,5023.0,6298.0,5370.0,5722.0,6042.0,5682.0,5910.0,4927.0,5084.0,4792.0,4797.0,4869.0,4946.0,6234.0,5447.0,5696.0,6094.0,6329.0,5654.0,5106.0,4916.0,4797.0,4770.0,4828.0,4886.0,6272.0,5289.0,5767.0,6088.0,5916.0,5985.0,5241.0,5056.0,4824.0,4813.0,4755.0,4845.0,6239.0,5323.0,5519.0,5796.0,5842.0,5717.0,5016.0,4840.0,4712.0,4773.0,4735.0,4899.0
CS,,,,,,,,,,,,,,,,,,,,,,,,,,,,,,,,,,,,,,,,,,,,,,,,,,,,,,,,,,,,,,,,,,,,,,,,,,,,,,,,,,,,,,,,,,,,,,,,,,,,,,,,,,,,,,,,,,,,,,,,,,,,,,,,,,,,,,,,,,,,,,,,,4349.0,3375.0,3641.0,4333.0,4180.0,3934.0,3328.0,2740.0,2653.0,2693.0,2723.0,2714.0,4514.0,3272.0,3807.0,4400.0,4095.0,3941.0,3229.0,2993.0,2778.0,2825.0,2788.0,2837.0,4283.0,3415.0,3931.0,4416.0,4147.0,4063.0,3227.0,2912.0,2762.0,2810.0,2816.0,2850.0,4594.0,3289.0,3837.0,4332.0,3992.0,4184.0,3253.0,3041.0,2947.0,2921.0,2939.0,2933.0,,,,,,,,,,,,,,,,,,,,,,,,,,,,,,,,,,,,,,,,,,,,,,,,,,,,,,,,,,,,,,,,,,,,,,,,,,,,,,,,,,,,,,,,,,,,,,,,
CZ,,,,,,,,,,,,,,,,,,,,,,,,,,,,,,,,,,,,,,,,,,,,,,,,,,,,,,,,,,,,,,,,,,,,,,,,,,,,,,,,,,,,,5710.0,4947.0,5486.0,5676.0,5165.0,5466.0,4568.0,4188.0,3940.0,3809.0,3892.0,4302.0,5598.0,4708.0,5287.0,5519.0,5279.0,5225.0,4429.0,4128.0,3867.0,3628.0,3801.0,3970.0,5802.0,4832.0,5187.0,5477.0,5233.0,5434.0,4478.0,4167.0,4061.0,3909.0,4099.0,4295.0,5895.0,4868.0,5514.0,5749.0,5175.0,5535.0,4908.0,4309.0,4196.0,3955.0,4145.0,4440.0,5984.0,5182.0,5358.0,5832.0,5067.0,5361.0,4799.0,4312.0,4092.0,4076.0,4077.0,4382.0,6066.0,5320.0,5422.0,5721.0,5617.0,5497.0,4927.0,4349.0,4187.0,4171.0,4210.0,4406.0,6153.0,5179.0,5633.0,5930.0,5576.0,5796.0,4919.0,4732.0,4401.0,4222.0,4343.0,4567.0,6042.0,5254.0,5816.0,6085.0,5736.0,5916.0,5013.0,4821.0,4518.0,4359.0,4479.0,4654.0,6641.0,5326.0,5775.0,5822.0,5882.0,6190.0,5123.0,4872.0,4724.0,4541.0,4688.0,4724.0,6055.0,5636.0,6123.0,6182.0,5534.0,5884.0,5071.0,5009.0,4777.0,4671.0,4788.0,4933.0,6342.0,5533.0,5636.0,5688.0,5874.0,6014.0,5499.0,5110.0,4784.0,4819.0,4761.0,5081.0,6283.0,5357.0,5479.0,5831.0,5562.0,5718.0,4629.0,4599.0,4499.0,4483.0,4510.0,4648.0,6277.0,5417.0,5539.0,6254.0,5640.0,5806.0,5046.0,4963.0,4687.0,4568.0,4679.0,4860.0,6160.0,5312.0,5717.0,5717.0,5685.0,5790.0,4966.0,4975.0,4683.0,4564.0,4754.0,4713.0,6029.0,5381.0,5512.0,5725.0,6176.0,5595.0,5088.0,4879.0,4652.0,4595.0,4683.0,4713.0,6117.0,5319.0,5573.0,5651.0,5517.0,5915.0,5101.0,4842.0,4635.0,4556.0,4668.0,4815.0,6019.0,5509.0,5553.0,5624.0,5584.0,5774.0,5200.0,4972.0,4818.0,4859.0,4641.0,4865.0
DE,42960.0,39053.0,40689.0,41376.0,40635.0,39147.0,37131.0,35837.0,34338.0,33659.0,32965.0,34676.0,43404.0,39826.0,39933.0,40496.0,40458.0,40979.0,37025.0,34606.0,33124.0,34067.0,32558.0,35274.0,41587.0,38720.0,41557.0,41585.0,39476.0,41395.0,35679.0,33503.0,33182.0,32835.0,32908.0,35701.0,41663.0,38838.0,39678.0,41513.0,39067.0,40734.0,36476.0,34983.0,34207.0,33728.0,34026.0,35958.0,44030.0,43930.0,48013.0,50155.0,38115.0,41930.0,36389.0,36073.0,34129.0,33867.0,34081.0,41414.0,52421.0,46309.0,47863.0,50603.0,49450.0,49554.0,42957.0,42128.0,39396.0,40361.0,40148.0,42574.0,54036.0,47508.0,49192.0,50231.0,45820.0,46349.0,45777.0,41693.0,41138.0,41723.0,40357.0,42298.0,50898.0,48186.0,50412.0,51470.0,46330.0,49932.0,44737.0,42816.0,41496.0,43049.0,41998.0,44305.0,47002.0,44320.0,46923.0,48932.0,44597.0,46488.0,41164.0,39623.0,38800.0,39308.0,39217.0,40624.0,49541.0,45615.0,46923.0,47628.0,46272.0,47985.0,42178.0,42548.0,39286.0,40869.0,40033.0,42436.0,50795.0,44790.0,47159.0,47481.0,44411.0,48465.0,43492.0,43081.0,39169.0,41007.0,41078.0,41685.0,50536.0,45132.0,46645.0,47818.0,43691.0,47408.0,43885.0,42819.0,39961.0,40725.0,40119.0,42027.0,51972.0,46742.0,47311.0,48136.0,48079.0,47640.0,43901.0,42905.0,40763.0,42115.0,41465.0,42997.0,51017.0,46883.0,49159.0,50298.0,47312.0,49694.0,43871.0,43291.0,42319.0,43535.0,42234.0,43060.0,50927.0,46034.0,49063.0,50306.0,48766.0,49467.0,45074.0,43240.0,43598.0,43805.0,43010.0,43081.0,52891.0,45998.0,48617.0,48028.0,49124.0,51141.0,44741.0,43565.0,43178.0,45224.0,43645.0,42926.0,52511.0,46728.0,47942.0,47065.0,47759.0,50293.0,44479.0,43023.0,44017.0,45204.0,44619.0,42259.0,52096.0,46525.0,46428.0,45582.0,49868.0,48947.0,46639.0,43024.0,44131.0,46350.0,44225.0,43347.0,50809.0,45411.0,45458.0,45846.0,46262.0,47275.0,40269.0,40591.0,41487.0,42644.0,40177.0,40628.0,51096.0,46749.0,46869.0,47449.0,48572.0,48685.0,42082.0,42788.0,44736.0,44225.0,42872.0,41299.0,51756.0,45668.0,44922.0,48429.0,49519.0,48292.0,43412.0,42829.0,43093.0,43307.0,41915.0,41125.0,49492.0,46127.0,44878.0,49031.0,50031.0,47798.0,41379.0,41662.0,43868.0,43589.0,40570.0,41442.0,48611.0,44571.0,45651.0,44871.0,46425.0,48665.0,42148.0,41755.0,40796.0,42477.0,41891.0,42697.0,48952.0,45723.0,46280.0,45289.0,45608.0,46179.0,40889.0,39607.0,39875.0,41470.0,39824.0,40911.0
DK_W,,,,,,,,,,,,,,,,,,,,,,,,,,,,,,,,,,,,,,,,,,,,,,,,,,,,,,,,,,,,,,,,,,,,,,,,,,,,,,,,,,,,,,,,,,,,,,,,,,,,,,,,,,,,,,,,,,,,,,,,,,,,,,,,,,,,,,,,,,,,,,,,,,,,,,,,,,,,,1996.0,1790.0,1888.0,1924.0,1803.0,1883.0,1645.0,1624.0,1654.0,1486.0,1713.0,1684.0,1957.0,1776.0,1909.0,1980.0,1820.0,1878.0,1689.0,1668.0,1658.0,1558.0,1708.0,1695.0,2085.0,1836.0,1929.0,1929.0,1833.0,2006.0,1706.0,1700.0,1666.0,1618.0,1725.0,1700.0,2047.0,1889.0,1954.0,1966.0,1864.0,1911.0,1686.0,1716.0,1668.0,1603.0,1762.0,1728.0,2048.0,1854.0,1892.0,1932.0,1884.0,1897.0,1750.0,1724.0,1691.0,1602.0,1711.0,1727.0,1995.0,1762.0,1806.0,1923.0,1778.0,1834.0,1583.0,1581.0,1600.0,1506.0,1613.0,1636.0,,,,,,,,,,,,,,,,,,,,,,,,,,,,,,,,,,,,,,,,,,,,,,,,,,,,,,,,,,,,
ES,14103.0,12477.0,12862.0,13296.0,12902.0,12253.0,11805.0,12003.0,11681.0,12629.0,11149.0,12014.0,14715.0,12377.0,12318.0,13020.0,13366.0,13084.0,11933.0,11991.0,11503.0,12832.0,11395.0,12092.0,13954.0,12572.0,13126.0,13601.0,12687.0,13267.0,11612.0,11809.0,11930.0,12668.0,11484.0,11933.0,14008.0,12603.0,12997.0,13968.0,12946.0,12866.0,12338.0,12440.0,12726.0,13620.0,12380.0,12678.0,14871.0,13136.0,13393.0,16052.0,12847.0,14134.0,12564.0,13181.0,13229.0,13910.0,12838.0,12998.0,14783.0,13717.0,14114.0,14725.0,14418.0,14399.0,12745.0,13281.0,13588.0,14367.0,12997.0,13094.0,15777.0,14628.0,14786.0,15817.0,13310.0,13778.0,13849.0,13936.0,13901.0,14753.0,13830.0,14521.0,16132.0,15213.0,15612.0,16986.0,14558.0,15264.0,14577.0,14578.0,14985.0,16252.0,14691.0,15082.0,17213.0,15904.0,17268.0,18078.0,15923.0,16373.0,14897.0,15546.0,15993.0,17278.0,15565.0,15955.0,18996.0,16976.0,17997.0,18259.0,16683.0,17422.0,16171.0,16555.0,17129.0,17636.0,16630.0,17017.0,19493.0,17781.0,18904.0,19987.0,17564.0,18371.0,16508.0,17733.0,18160.0,18761.0,17817.0,17547.0,20571.0,18788.0,19030.0,19718.0,18059.0,18729.0,18066.0,18289.0,18496.0,19638.0,17645.0,18076.0,21529.0,19964.0,20122.0,21446.0,19986.0,19608.0,18105.0,18890.0,20120.0,21364.0,19950.0,19386.0,21678.0,20402.0,21525.0,22502.0,20761.0,21944.0,19488.0,19744.0,20668.0,22012.0,20253.0,20558.0,23048.0,19756.0,21206.0,23079.0,21540.0,21610.0,19558.0,19709.0,21055.0,22122.0,20060.0,20008.0,23861.0,20800.0,20898.0,23198.0,21633.0,22306.0,18958.0,20728.0,21264.0,23507.0,21024.0,21272.0,24641.0,21725.0,23106.0,24200.0,21586.0,22990.0,20595.0,21275.0,21502.0,23346.0,21596.0,21224.0,24963.0,21464.0,22396.0,23859.0,23530.0,22841.0,21919.0,21313.0,21477.0,23604.0,22083.0,21452.0,24205.0,20873.0,21081.0,23015.0,22064.0,21288.0,19318.0,19976.0,20916.0,23148.0,21811.0,21174.0,23769.0,20408.0,21961.0,23378.0,21881.0,22825.0,19934.0,20411.0,20448.0,23514.0,21431.0,20649.0,23668.0,20337.0,20615.0,21877.0,21414.0,22736.0,19254.0,20347.0,20742.0,22022.0,21592.0,21021.0,24364.0,20967.0,21394.0,22514.0,24241.0,22546.0,20602.0,21393.0,22049.0,23090.0,22958.0,21111.0,23767.0,21026.0,21621.0,22943.0,21666.0,22389.0,20624.0,20627.0,20341.0,23045.0,22050.0,20978.0,23883.0,20964.0,20985.0,22069.0,22048.0,22279.0,19837.0,21016.0,21614.0,24972.0,22341.0,20897.0
FR,37840.0,31497.0,34607.0,38476.0,36461.0,31284.0,29755.0,28852.0,26445.0,27304.0,24648.0,26541.0,40401.0,33211.0,32912.0,37090.0,35803.0,34625.0,31539.0,27832.0,26832.0,27852.0,25445.0,27835.0,37368.0,32331.0,36459.0,38216.0,35364.0,35245.0,30577.0,27995.0,27373.0,28096.0,25695.0,28378.0,38987.0,31747.0,32622.0,37612.0,34808.0,33495.0,33321.0,28877.0,28554.0,29341.0,26857.0,29417.0,41010.0,32205.0,35187.0,39238.0,33743.0,37272.0,32173.0,30186.0,29437.0,29851.0,27855.0,28966.0,40587.0,33821.0,36532.0,40764.0,39725.0,37821.0,32991.0,31556.0,29188.0,30715.0,27644.0,30208.0,43788.0,34603.0,35735.0,39302.0,35214.0,33311.0,33248.0,30950.0,29877.0,31192.0,28887.0,30319.0,41558.0,35701.0,39452.0,42168.0,36826.0,37493.0,35362.0,31710.0,30928.0,32356.0,29091.0,31350.0,41861.0,35634.0,40031.0,43439.0,39109.0,38313.0,35325.0,31554.0,31532.0,32623.0,29647.0,31797.0,45444.0,37176.0,40022.0,41196.0,39938.0,39762.0,36906.0,33424.0,32059.0,33043.0,31317.0,32755.0,44834.0,36410.0,41681.0,46982.0,38951.0,39657.0,37301.0,34592.0,32917.0,33733.0,31765.0,34027.0,46003.0,38230.0,39166.0,43867.0,38316.0,38902.0,36378.0,34814.0,33263.0,34549.0,31185.0,33637.0,48413.0,40833.0,40821.0,45817.0,43741.0,39717.0,37706.0,34473.0,33875.0,35323.0,32267.0,34036.0,48410.0,38215.0,43534.0,49049.0,43871.0,45204.0,38549.0,35517.0,34056.0,34722.0,31777.0,34334.0,49102.0,36904.0,43774.0,51395.0,46184.0,45315.0,38651.0,35318.0,34581.0,34814.0,31883.0,34479.0,52455.0,36305.0,41207.0,48558.0,46634.0,46887.0,37424.0,34797.0,34002.0,34934.0,31390.0,33767.0,47970.0,40868.0,46068.0,51063.0,42458.0,44391.0,35810.0,34994.0,33892.0,34958.0,32852.0,34984.0,49858.0,40689.0,44212.0,51428.0,45267.0,46466.0,41621.0,35456.0,34829.0,35999.0,32951.0,35723.0,54715.0,39617.0,41899.0,50703.0,46517.0,44383.0,37437.0,34504.0,33897.0,35266.0,32925.0,34530.0,56344.0,40817.0,46721.0,57688.0,48707.0,48300.0,38629.0,37284.0,34574.0,36041.0,33068.0,35119.0,53906.0,38012.0,41916.0,48301.0,45967.0,45566.0,35432.0,35106.0,33784.0,34204.0,32722.0,34322.0,51089.0,38626.0,44261.0,49605.0,54476.0,43150.0,40172.0,35247.0,33201.0,34123.0,32229.0,33257.0,53756.0,37048.0,45230.0,50109.0,49722.0,49503.0,40269.0,36875.0,33034.0,34777.0,31639.0,33182.0,52475.0,39167.0,40985.0,44593.0,48579.0,45707.0,36847.0,33873.0,33225.0,34887.0,31582.0,33483.0
GR,2933.0,2594.0,2646.0,3019.0,2630.0,2649.0,2425.0,2426.0,2635.0,2801.0,2651.0,2523.0,3017.0,2660.0,2652.0,3003.0,2879.0,2859.0,2475.0,2550.0,2651.0,2876.0,2905.0,2541.0,2970.0,2707.0,2891.0,2988.0,2786.0,2791.0,2482.0,2519.0,2813.0,3210.0,3098.0,2771.0,2966.0,2876.0,2972.0,3289.0,2818.0,2837.0,2622.0,2739.0,3032.0,3350.0,3283.0,2995.0,3238.0,2983.0,3206.0,3327.0,2829.0,3020.0,2720.0,2880.0,3189.0,3417.0,3230.0,2927.0,3421.0,3031.0,3083.0,3303.0,3143.0,3355.0,2819.0,3024.0,3190.0,3719.0,3419.0,2932.0,3387.0,3280.0,3318.0,3562.0,3144.0,3330.0,3067.0,3135.0,3399.0,3959.0,3374.0,3157.0,3512.0,3340.0,3409.0,3843.0,3170.0,3480.0,3118.0,3197.0,3547.0,4299.0,4033.0,3344.0,3695.0,3475.0,3541.0,3868.0,3372.0,3495.0,3506.0,3350.0,3813.0,4311.0,4025.0,3353.0,4102.0,3621.0,3652.0,4070.0,3697.0,3785.0,3410.0,3611.0,4128.0,4831.0,4358.0,3719.0,4254.0,4056.0,4137.0,4675.0,3777.0,3944.0,3603.0,3825.0,4325.0,5085.0,4708.0,4083.0,4584.0,4036.0,4143.0,4670.0,3831.0,4092.0,3938.0,3908.0,4535.0,5260.0,4465.0,3969.0,4399.0,4163.0,4177.0,4719.0,4357.0,4422.0,3996.0,4197.0,4585.0,5367.0,4874.0,4215.0,4484.0,3968.0,4137.0,4572.0,4074.0,4153.0,3763.0,3838.0,4220.0,5157.0,4726.0,4129.0,4545.0,4109.0,4350.0,4690.0,4197.0,4272.0,3987.0,4074.0,4379.0,5246.0,4813.0,4214.0,4853.0,4176.0,4383.0,4744.0,4284.0,4373.0,3833.0,4281.0,4573.0,5021.0,5181.0,4286.0,4627.0,4380.0,4439.0,4882.0,4244.0,4465.0,4016.0,4320.0,4893.0,5855.0,5170.0,4397.0,4916.0,4286.0,4311.0,4691.0,4540.0,4270.0,4105.0,4408.0,5015.0,5830.0,5340.0,4598.0,4653.0,4186.0,4192.0,4550.0,4270.0,4399.0,3893.0,4206.0,4649.0,5479.0,4822.0,4193.0,4665.0,4140.0,4070.0,4556.0,4107.0,4325.0,3913.0,4178.0,4569.0,5342.0,5447.0,4239.0,4583.0,4109.0,4352.0,4521.0,4157.0,4422.0,3866.0,3974.0,4235.0,5462.0,4862.0,4372.0,4777.0,4003.0,3928.0,4627.0,4422.0,4230.0,3165.0,3822.0,4542.0,5614.0,4936.0,3998.0,4671.0,4045.0,3953.0,4751.0,3262.0,4109.0,3186.0,3777.0,4285.0,4822.0,4746.0,3961.0,4829.0,3835.0,3895.0,4610.0,4299.0,4504.0,3772.0,3823.0,3965.0,4855.0,4687.0,4086.0
HR,,,,,,,,,,,,,,,,,,,,,,,,,,,,,,,,,,,,,,,,,,,,,,,,,,,,,,,,,,,,,,,,,,,,,,,,,,,,,,,,,,,,,1049.0,1072.0,1256.0,1456.0,930.0,1004.0,875.0,955.0,727.0,794.0,1005.0,985.0,1374.0,1080.0,1243.0,1416.0,1282.0,1245.0,1067.0,975.0,951.0,1025.0,1022.0,993.0,1451.0,1091.0,1135.0,1325.0,1268.0,1264.0,1046.0,997.0,1009.0,1073.0,1077.0,1027.0,1360.0,1146.0,1324.0,1585.0,1217.0,1230.0,1151.0,1037.0,1021.0,1122.0,1121.0,1089.0,1547.0,1194.0,1217.0,1458.0,1278.0,1268.0,1185.0,1081.0,1074.0,1189.0,1145.0,1098.0,1480.0,1291.0,1305.0,1512.0,1417.0,1358.0,1210.0,1105.0,1146.0,1232.0,1247.0,1134.0,1562.0,1257.0,1372.0,1568.0,1448.0,1458.0,1254.0,1179.0,1136.0,1269.0,1249.0,1208.0,1576.0,1325.0,1446.0,1648.0,1500.0,1497.0,1267.0,1226.0,1210.0,1324.0,1283.0,1255.0,1682.0,1324.0,1431.0,1593.0,1485.0,1566.0,1289.0,1273.0,1294.0,1423.0,1361.0,1089.0,1555.0,1466.0,1570.0,1732.0,1406.0,1485.0,1280.0,1319.0,1323.0,1485.0,1433.0,1326.0,1681.0,1430.0,1475.0,1641.0,1544.0,1570.0,1397.0,1353.0,1382.0,1513.0,1466.0,1409.0,1624.0,1422.0,1474.0,1650.0,1528.0,1554.0,1324.0,1333.0,1307.0,1481.0,1472.0,1338.0,1683.0,1445.0,1452.0,1517.0,1538.0,1579.0,1357.0,1344.0,1343.0,1539.0,1452.0,1345.0,1657.0,1395.0,1474.0,1586.0,1482.0,1553.0,1309.0,1337.0,1330.0,1482.0,1518.0,1375.0,1610.0,1347.0,1368.0,1589.0,1653.0,1405.0,1311.0,1298.0,1329.0,1536.0,1523.0,1317.0,1566.0,1349.0,1401.0,1562.0,1451.0,1524.0,1326.0,1292.0,1311.0,1492.0,1484.0,1307.0,1538.0,1351.0,1369.0,1539.0,1429.0,1461.0,1314.0,1292.0,1288.0,1573.0,1494.0,1336.0
HU,,,,,,,,,,,,,,,,,,,,,,,,,,,,,,,,,,,,,,,,,,,,,,,,,,,,,,,,,,,,,,,,,,,,,,,,,,,,,,,,,,,,,3229.0,2990.0,3226.0,3306.0,2905.0,3152.0,2777.0,2689.0,2585.0,2688.0,2614.0,2749.0,3393.0,3028.0,3213.0,3301.0,3051.0,3123.0,2767.0,2673.0,2623.0,2716.0,2667.0,2727.0,3382.0,3005.0,3150.0,3238.0,3102.0,3228.0,2788.0,2783.0,2752.0,2795.0,2846.0,2789.0,3443.0,3153.0,3279.0,3422.0,3034.0,3201.0,2957.0,2879.0,2754.0,2910.0,2847.0,2906.0,3477.0,3237.0,3229.0,3356.0,3049.0,3200.0,2975.0,2879.0,2890.0,3026.0,2885.0,2987.0,3506.0,3303.0,3312.0,3380.0,3241.0,3346.0,3050.0,2998.0,3053.0,3099.0,3119.0,3011.0,3503.0,3253.0,3342.0,3430.0,3253.0,3347.0,3025.0,2990.0,2934.0,3080.0,3014.0,3050.0,3501.0,3338.0,3499.0,3586.0,3273.0,3400.0,3114.0,3111.0,3081.0,3175.0,3098.0,3138.0,3713.0,3430.0,3541.0,3583.0,3349.0,3568.0,3149.0,3250.0,3254.0,3370.0,3210.0,3212.0,3637.0,3558.0,3583.0,3692.0,3291.0,3491.0,3207.0,3312.0,3364.0,3501.0,3365.0,3288.0,3771.0,3496.0,3448.0,3436.0,3490.0,3565.0,3362.0,3304.0,3322.0,3426.0,3307.0,3357.0,3514.0,3251.0,3280.0,3362.0,3141.0,3336.0,2895.0,2973.0,2942.0,3209.0,3049.0,3074.0,3477.0,3345.0,3321.0,3536.0,3182.0,3344.0,3050.0,3069.0,3121.0,3281.0,3106.0,3144.0,3595.0,3386.0,3464.0,3447.0,3337.0,3485.0,3161.0,3253.0,3186.0,3341.0,3244.0,3243.0,3487.0,3236.0,3269.0,3382.0,3428.0,3276.0,3054.0,3081.0,3146.0,3273.0,3182.0,3087.0,3536.0,3333.0,3325.0,3378.0,3169.0,3380.0,3130.0,3094.0,3094.0,3309.0,3175.0,3109.0,3629.0,3507.0,3490.0,3491.0,3316.0,3507.0,3218.0,3209.0,3249.0,3484.0,3342.0,3313.0
IT,21627.0,21024.0,20822.0,21172.0,20004.0,20518.0,19161.0,19963.0,19412.0,20922.0,16395.0,19949.0,21890.0,21014.0,20667.0,20444.0,20909.0,21578.0,19893.0,20069.0,20025.0,21010.0,17036.0,20152.0,21259.0,21199.0,21292.0,21340.0,20189.0,21898.0,19693.0,20260.0,20606.0,21031.0,17297.0,20536.0,21528.0,21650.0,21621.0,22155.0,20521.0,21799.0,20021.0,21142.0,21095.0,22185.0,18505.0,21389.0,23127.0,22413.0,22493.0,22030.0,21093.0,23007.0,20562.0,21685.0,21624.0,23044.0,18369.0,21622.0,23059.0,22623.0,21885.0,21821.0,22266.0,23065.0,20575.0,21769.0,21753.0,22727.0,18195.0,21421.0,23114.0,23971.0,23412.0,23387.0,21608.0,22489.0,22018.0,22568.0,22597.0,24146.0,19236.0,23454.0,24026.0,23921.0,23839.0,23630.0,22435.0,24155.0,22407.0,22932.0,23646.0,25077.0,19995.0,23338.0,23832.0,24719.0,24599.0,24960.0,22865.0,24521.0,22425.0,23421.0,23999.0,25472.0,20688.0,24343.0,25231.0,25459.0,25455.0,25003.0,24657.0,25607.0,23085.0,24747.0,25321.0,25992.0,21899.0,25250.0,26481.0,26346.0,25706.0,25638.0,24383.0,26381.0,23635.0,25610.0,25697.0,27090.0,22739.0,25129.0,27582.0,26789.0,26291.0,26062.0,24827.0,26008.0,24407.0,25805.0,26562.0,28160.0,22089.0,25779.0,27405.0,27202.0,26583.0,26664.0,25984.0,27203.0,24937.0,26315.0,27983.0,29769.0,24259.0,26355.0,27523.0,27709.0,27612.0,27794.0,26692.0,28105.0,25584.0,26322.0,26884.0,29417.0,24110.0,27605.0,28239.0,27926.0,27998.0,28173.0,27023.0,28179.0,26057.0,27059.0,27842.0,30005.0,24095.0,27845.0,29592.0,28533.0,28434.0,28290.0,27436.0,29507.0,25405.0,27475.0,28427.0,31554.0,24867.0,28276.0,29234.0,29094.0,28565.0,28491.0,27051.0,29107.0,26079.0,28294.0,28941.0,31409.0,25694.0,27969.0,29808.0,28386.0,27267.0,26949.0,28419.0,28495.0,27195.0,27692.0,28631.0,31753.0,26040.0,28846.0,27487.0,27170.0,26779.0,27055.0,25725.0,26909.0,24337.0,25990.0,26447.0,29846.0,25370.0,27153.0,28164.0,27805.0,27612.0,28729.0,26757.0,28462.0,25650.0,26501.0,27245.0,31490.0,24864.0,27176.0,28588.0,27824.0,27662.0,27629.0,26902.0,28828.0,25775.0,27434.0,27991.0,30222.0,26580.0,29205.0,28424.0,27113.0,26192.0,26668.0,27971.0,27637.0,25048.0,26449.0,27977.0,30955.0,27006.0,26775.0,27531.0,26362.0,25668.0,26072.0,25727.0,26978.0,24299.0,25665.0,26137.0,29937.0,25471.0,26072.0,26786.0,25907.0,25675.0,25818.0,24948.0,26793.0,24169.0,25027.0,26328.0,31970.0,24458.0,26449.0
LU,389.0,381.0,389.0,400.0,370.0,388.0,365.0,360.0,344.0,346.0,291.0,346.0,412.0,394.0,387.0,389.0,391.0,403.0,368.0,349.0,324.0,328.0,283.0,358.0,402.0,401.0,408.0,416.0,378.0,411.0,375.0,366.0,359.0,335.0,284.0,370.0,429.0,398.0,419.0,436.0,398.0,436.0,403.0,387.0,382.0,385.0,323.0,386.0,461.0,442.0,449.0,463.0,416.0,473.0,420.0,427.0,406.0,404.0,369.0,409.0,483.0,438.0,433.0,443.0,425.0,476.0,430.0,421.0,396.0,387.0,311.0,396.0,471.0,478.0,473.0,480.0,417.0,444.0,434.0,419.0,412.0,420.0,383.0,420.0,496.0,492.0,489.0,469.0,449.0,483.0,457.0,439.0,431.0,438.0,342.0,453.0,496.0,505.0,508.0,482.0,468.0,503.0,495.0,447.0,452.0,475.0,382.0,460.0,509.0,501.0,527.0,514.0,509.0,537.0,486.0,498.0,469.0,489.0,393.0,425.0,537.0,532.0,523.0,517.0,490.0,546.0,489.0,474.0,472.0,484.0,411.0,481.0,542.0,544.0,536.0,500.0,500.0,530.0,505.0,503.0,493.0,505.0,429.0,488.0,553.0,550.0,548.0,524.0,508.0,552.0,514.0,507.0,490.0,512.0,426.0,501.0,539.0,565.0,551.0,538.0,539.0,581.0,514.0,522.0,518.0,540.0,437.0,521.0,526.0,559.0,568.0,571.0,478.0,537.0,498.0,502.0,482.0,529.0,439.0,532.0,611.0,579.0,583.0,568.0,530.0,583.0,538.0,550.0,520.0,557.0,453.0,544.0,610.0,598.0,601.0,582.0,544.0,610.0,551.0,568.0,553.0,555.0,483.0,522.0,622.0,550.0,494.0,457.0,590.0,620.0,595.0,573.0,555.0,578.0,507.0,533.0,565.0,567.0,549.0,528.0,502.0,504.0,500.0,503.0,472.0,529.0,442.0,534.0,597.0,591.0,571.0,547.0,546.0,598.0,567.0,574.0,518.0,564.0,464.0,553.0,619.0,499.0,529.0,519.0,568.0,540.0,548.0,571.0,542.0,566.0,498.0,559.0,574.0,541.0,536.0,503.0,543.0,571.0,514.0,517.0,514.0,518.0,459.0,500.0,578.0,560.0,553.0,531.0,521.0,550.0,496.0,503.0,473.0,521.0,459.0,447.0,574.0,554.0,547.0,514.0,538.0,579.0,516.0,497.0,503.0,542.0,512.0,492.0
MK,,,,,,,,,,,,,,,,,,,,,,,,,,,,,,,,,,,,,,,,,,,,,,,,,,,,,,,,,,,,,,,,,,,,,,,,,,,,,,,,,,,,,,,,,,,,,,,,,,,,,,,,,,,,,,,,,,,,,,,,,,,,,,,,,,,,,,,,,,,,,,,,,722.0,590.0,656.0,800.0,702.0,689.0,589.0,482.0,474.0,504.0,504.0,496.0,804.0,575.0,695.0,821.0,721.0,680.0,555.0,518.0,485.0,513.0,511.0,506.0,833.0,646.0,784.0,882.0,790.0,756.0,611.0,562.0,553.0,573.0,547.0,537.0,936.0,643.0,751.0,888.0,826.0,802.0,640.0,600.0,560.0,577.0,584.0,570.0,830.0,710.0,844.0,972.0,733.0,778.0,665.0,589.0,590.0,635.0,627.0,593.0,942.0,684.0,705.0,813.0,791.0,761.0,693.0,633.0,621.0,673.0,666.0,661.0,862.0,634.0,702.0,800.0,742.0,763.0,572.0,533.0,501.0,544.0,613.0,530.0,863.0,703.0,740.0,906.0,783.0,713.0,641.0,605.0,593.0,602.0,613.0,566.0,961.0,705.0,856.0,923.0,855.0,849.0,707.0,651.0,579.0,651.0,647.0,602.0,925.0,591.0,703.0,892.0,910.0,765.0,670.0,632.0,566.0,638.0,615.0,581.0,843.0,639.0,710.0,884.0,719.0,751.0,640.0,560.0,559.0,575.0,614.0,555.0,811.0,597.0,644.0,747.0,683.0,731.0,601.0,509.0,465.0,549.0,541.0,525.0
NL,6957.0,6859.0,6711.0,6798.0,6431.0,6586.0,6082.0,6258.0,6183.0,6241.0,6309.0,6352.0,6971.0,6909.0,6742.0,6855.0,6466.0,6763.0,6292.0,6371.0,6302.0,6434.0,6185.0,6504.0,6984.0,6777.0,6933.0,7098.0,6301.0,6827.0,6260.0,6236.0,6372.0,6295.0,6207.0,6545.0,6979.0,6895.0,6912.0,7019.0,6390.0,6866.0,6358.0,6391.0,6427.0,6533.0,6565.0,6633.0,8083.0,7816.0,7790.0,7931.0,7221.0,7765.0,7019.0,7071.0,7009.0,7076.0,7255.0,7160.0,8377.0,7857.0,8089.0,8406.0,7822.0,7985.0,7217.0,7420.0,7199.0,7325.0,7487.0,7375.0,8661.0,8512.0,8334.0,8657.0,7624.0,7903.0,7600.0,7634.0,7545.0,7717.0,7835.0,7764.0,8774.0,8777.0,8768.0,8979.0,7815.0,8636.0,7999.0,7963.0,7880.0,8065.0,7749.0,8181.0,9014.0,8836.0,8979.0,9333.0,8149.0,8837.0,8010.0,7998.0,7935.0,8346.0,8052.0,8318.0,9155.0,9049.0,9196.0,9222.0,8622.0,9075.0,8260.0,8547.0,8184.0,8282.0,8430.0,8528.0,9643.0,9432.0,9333.0,9589.0,8602.0,9326.0,8487.0,8641.0,8434.0,8628.0,8813.0,8770.0,9734.0,9406.0,9433.0,9877.0,8723.0,9319.0,8624.0,8700.0,8555.0,8691.0,8837.0,8858.0,10086.0,9411.0,9487.0,9861.0,8996.0,9398.0,8689.0,8750.0,8569.0,8730.0,8759.0,8828.0,10064.0,9400.0,9620.0,10128.0,9429.0,9849.0,8936.0,8767.0,8606.0,8714.0,8656.0,8688.0,10386.0,9680.0,9814.0,10412.0,9435.0,10106.0,9204.0,9055.0,9069.0,9179.0,9149.0,9169.0,10773.0,9885.0,9919.0,10521.0,9536.0,10289.0,9298.0,9230.0,9382.0,9033.0,9232.0,9081.0,10733.0,9994.0,10106.0,10572.0,9671.0,10423.0,9164.0,9296.0,9218.0,9231.0,9217.0,9330.0,11130.0,10358.0,10523.0,10814.0,9955.0,10723.0,9419.0,9531.0,9429.0,9350.0,9411.0,9551.0,10768.0,9458.0,9850.0,10104.0,9681.0,9959.0,8792.0,8997.0,8986.0,8775.0,8731.0,8806.0,10699.0,10203.0,10506.0,11134.0,9780.0,10132.0,8987.0,8863.0,8979.0,9061.0,8969.0,9147.0,10968.0,10193.0,10610.0,11073.0,9808.0,10334.0,8851.0,8891.0,9325.0,9305.0,9283.0,9196.0,10593.0,9823.0,8892.0,10730.0,9794.0,9947.0,8998.0,8795.0,9108.0,9156.0,9105.0,8866.0,7593.0,9863.0,10176.0,10569.0,9609.0,9760.0,8765.0,8555.0,8889.0,8973.0,8899.0,8875.0,10343.0,9685.0,9763.0,10119.0,9183.0,9588.0,8741.0,8881.0,8823.0,9191.0,9049.0,9149.0
PL,,,,,,,,,,,,,,,,,,,,,,,,,,,,,,,,,,,,,,,,,,,,,,,,,,,,,,,,,,,,,,,,,,,,,,,,,,,,,,,,,,,,,13198.0,12112.0,12867.0,13526.0,11799.0,12599.0,10799.0,10070.0,9429.0,9789.0,9834.0,10322.0,12924.0,11786.0,12509.0,13295.0,11963.0,12176.0,10588.0,10149.0,9470.0,9572.0,9749.0,9948.0,13461.0,11644.0,12066.0,12790.0,12143.0,12620.0,10637.0,10062.0,9775.0,10003.0,10042.0,10595.0,13222.0,11483.0,12241.0,13142.0,11727.0,12515.0,10962.0,10034.0,9750.0,9846.0,9893.0,10426.0,13079.0,12141.0,12100.0,13526.0,11046.0,11881.0,10617.0,9761.0,9563.0,9884.0,9894.0,10422.0,13429.0,12437.0,12298.0,13028.0,12131.0,12358.0,11110.0,10347.0,9871.0,10393.0,10333.0,10575.0,12520.0,11224.0,11413.0,12205.0,11334.0,11691.0,10334.0,10039.0,9692.0,9858.0,9922.0,10043.0,12115.0,11252.0,11735.0,12596.0,11187.0,11775.0,10337.0,9980.0,9599.0,9831.0,9994.0,10211.0,13314.0,11626.0,12024.0,12580.0,11569.0,12408.0,10644.0,10339.0,10180.0,10560.0,10530.0,10724.0,12949.0,12656.0,12772.0,13267.0,11863.0,12374.0,11016.0,11108.0,10782.0,10939.0,11192.0,11288.0,13452.0,12379.0,12071.0,12507.0,12239.0,12546.0,11778.0,11001.0,10953.0,11231.0,11149.0,11546.0,13009.0,12260.0,12033.0,12830.0,11526.0,12199.0,10484.0,9923.0,10243.0,10727.0,10689.0,10893.0,13404.0,12477.0,12280.0,13679.0,11903.0,12618.0,11084.0,11313.0,10851.0,11370.0,11210.0,11402.0,13218.0,12678.0,12729.0,13105.0,12265.0,12857.0,11513.0,11574.0,11216.0,11368.0,11528.0,11645.0,13222.0,12542.0,12394.0,12971.0,13181.0,12675.0,11457.0,11307.0,11072.0,11326.0,11417.0,11322.0,13486.0,12711.0,12475.0,12886.0,11944.0,12966.0,11568.0,11259.0,11293.0,11724.0,11602.0,11576.0,13546.0,13257.0,13066.0,13254.0,12327.0,13116.0,12060.0,12011.0,11716.0,12333.0,12295.0,12099.0
PT,2617.0,2326.0,2355.0,2505.0,2347.0,2346.0,2114.0,2192.0,2097.0,2338.0,2028.0,2191.0,2809.0,2359.0,2380.0,2485.0,2453.0,2338.0,2230.0,2238.0,2143.0,2394.0,2079.0,2262.0,2717.0,2306.0,2443.0,2564.0,2320.0,2505.0,2268.0,2252.0,2204.0,2386.0,2095.0,2240.0,2784.0,2476.0,2534.0,2698.0,2498.0,2440.0,2275.0,2415.0,2350.0,2502.0,2263.0,2444.0,2943.0,2688.0,2701.0,2872.0,2511.0,2740.0,2417.0,2569.0,2531.0,2714.0,2499.0,2571.0,3070.0,2796.0,2815.0,3069.0,2919.0,2846.0,2553.0,2686.0,2618.0,2909.0,2523.0,2671.0,3285.0,3002.0,2947.0,3167.0,2705.0,2751.0,2698.0,2717.0,2704.0,2991.0,2627.0,2911.0,3286.0,3075.0,3111.0,3452.0,2835.0,3030.0,2909.0,2917.0,2937.0,3237.0,2905.0,3033.0,3562.0,3207.0,3394.0,3637.0,3139.0,3336.0,3009.0,3118.0,3085.0,3381.0,2996.0,3156.0,3912.0,3428.0,3657.0,3722.0,3359.0,3328.0,3211.0,3322.0,3276.0,3443.0,3225.0,3323.0,4066.0,3649.0,3788.0,4183.0,3500.0,3834.0,3341.0,3577.0,3476.0,3668.0,3395.0,3512.0,4193.0,3789.0,3807.0,4026.0,3551.0,3806.0,3539.0,3562.0,3513.0,3845.0,3381.0,3555.0,4373.0,3927.0,3994.0,4333.0,3886.0,3820.0,3540.0,3691.0,3663.0,3950.0,3654.0,3780.0,4287.0,3889.0,4152.0,4513.0,3913.0,4150.0,3666.0,3744.0,3813.0,4029.0,3626.0,3787.0,4660.0,4046.0,4259.0,4643.0,4217.0,4310.0,3823.0,3893.0,4027.0,4186.0,3854.0,3939.0,4881.0,4125.0,4109.0,4684.0,4278.0,4463.0,3736.0,4033.0,4002.0,4308.0,4006.0,4072.0,4916.0,4225.0,4348.0,4825.0,4307.0,4429.0,3978.0,4139.0,3996.0,4307.0,4013.0,4096.0,4871.0,4238.0,4440.0,4860.0,4301.0,4420.0,4188.0,4116.0,4101.0,4475.0,4028.0,4132.0,5024.0,4258.0,4302.0,4800.0,4224.0,4188.0,3945.0,4024.0,4031.0,4317.0,4105.0,4179.0,4920.0,4110.0,4351.0,4905.0,4430.0,4570.0,3994.0,4069.0,4007.0,4458.0,4225.0,4167.0,4910.0,4068.0,4109.0,4399.0,4327.0,4432.0,3887.0,4095.0,3970.0,4222.0,4002.0,4078.0,4638.0,3967.0,4075.0,4325.0,4376.0,4104.0,3825.0,3968.0,3852.0,4127.0,3874.0,3929.0,4477.0,4015.0,4131.0,4491.0,4044.0,4305.0,3856.0,3875.0,3787.0,4262.0,3944.0,3957.0,4713.0,3987.0,3977.0,4189.0,4232.0,4167.0,3727.0,3939.0,3964.0,4280.0,3907.0,3883.0
RO,,,,,,,,,,,,,,,,,,,,,,,,,,,,,,,,,,,,,,,,,,,,,,,,,,,,,,,,,,,,,,,,,,,,,,,,,,,,,,,,,,,,,,,,,,,,,,,,,,,,,,,,,,,,,,,,,,,,,,,,,,,,,,,,,,,,,,,,,,,,,,,,,4551.0,4264.0,4365.0,4461.0,4275.0,4482.0,4055.0,3825.0,3855.0,3995.0,3688.0,3624.0,4685.0,4233.0,4571.0,4824.0,4400.0,4514.0,3948.0,3998.0,3811.0,4041.0,3880.0,3840.0,4802.0,4267.0,4604.0,4789.0,4570.0,4843.0,4313.0,4052.0,3867.0,3903.0,3943.0,3932.0,4857.0,4422.0,4691.0,4868.0,4537.0,4786.0,4137.0,4159.0,4040.0,4188.0,4216.0,4115.0,4734.0,4646.0,4912.0,5113.0,4417.0,4659.0,4078.0,4272.0,4241.0,4541.0,4342.0,4164.0,5169.0,4632.0,4624.0,4687.0,4801.0,4795.0,4397.0,4401.0,4293.0,4527.0,4492.0,4388.0,4737.0,4309.0,4464.0,4792.0,4267.0,4474.0,3803.0,3918.0,3906.0,4115.0,3966.0,3887.0,4873.0,4666.0,4591.0,5141.0,4471.0,4727.0,4112.0,4088.0,4050.0,4224.0,4320.0,4099.0,5076.0,4555.0,4871.0,4892.0,4777.0,4925.0,4346.0,4353.0,4172.0,4343.0,4333.0,4273.0,4986.0,4421.0,4649.0,4891.0,4985.0,4751.0,4243.0,4323.0,4194.0,4568.0,4365.0,4051.0,4994.0,4446.0,4416.0,4880.0,4446.0,4664.0,4213.0,4017.0,4000.0,4186.0,4136.0,3905.0,5023.0,4665.0,4634.0,4877.0,4598.0,4791.0,4435.0,4258.0,4202.0,4636.0,4398.0,4266.0
SI,,,,,,,,,,,,,,,,,,,,,,,,,,,,,,,,,,,,,,,,,,,,,,,,,,,,,,,,,,,,,,,,,,,,,,,,,,,,,,,,,,,,,1129.0,900.0,904.0,967.0,1035.0,1160.0,999.0,838.0,1035.0,1042.0,790.0,848.0,937.0,964.0,989.0,1032.0,832.0,904.0,846.0,878.0,876.0,893.0,857.0,912.0,1043.0,983.0,1002.0,1017.0,936.0,1002.0,868.0,1307.0,922.0,909.0,889.0,945.0,1043.0,1012.0,1037.0,1083.0,925.0,1031.0,940.0,946.0,602.0,952.0,918.0,949.0,1104.0,1107.0,1087.0,1117.0,972.0,917.0,1027.0,1000.0,1014.0,1034.0,974.0,1040.0,1163.0,1138.0,1130.0,1205.0,1080.0,1128.0,1051.0,1027.0,1060.0,1071.0,1009.0,960.0,1159.0,1144.0,1166.0,1186.0,1089.0,1206.0,1076.0,1070.0,1055.0,1131.0,1037.0,1038.0,1109.0,1115.0,1133.0,985.0,1043.0,1142.0,1029.0,1044.0,1052.0,1055.0,1000.0,1060.0,1217.0,1139.0,1154.0,1159.0,1091.0,1175.0,1004.0,1067.0,1093.0,1117.0,1022.0,1093.0,1183.0,1150.0,1155.0,1172.0,1064.0,1166.0,1043.0,1114.0,1108.0,1121.0,1073.0,1099.0,1147.0,1105.0,1062.0,1006.0,1071.0,1113.0,1033.0,1031.0,1029.0,1054.0,998.0,1037.0,1058.0,987.0,1004.0,1020.0,941.0,976.0,825.0,872.0,885.0,934.0,899.0,936.0,1080.0,1061.0,1044.0,1131.0,988.0,1049.0,938.0,992.0,987.0,1036.0,961.0,981.0,952.0,1059.0,1081.0,1074.0,1048.0,1125.0,994.0,1058.0,1058.0,1036.0,1033.0,1040.0,1139.0,1038.0,1048.0,1101.0,1131.0,1067.0,980.0,1018.0,1023.0,1050.0,1026.0,1018.0,1163.0,1094.0,1061.0,1101.0,1071.0,1116.0,1004.0,991.0,989.0,1038.0,1013.0,1029.0,1233.0,1175.0,1164.0,1199.0,1130.0,1178.0,1067.0,1092.0,1088.0,1149.0,1073.0,1099.0
SK,,,,,,,,,,,,,,,,,,,,,,,,,,,,,,,,,,,,,,,,,,,,,,,,,,,,,,,,,,,,,,,,,,,,,,,,,,,,,,,,,,,,,2567.0,2214.0,2464.0,2629.0,2316.0,2502.0,2087.0,1977.0,1849.0,1849.0,1813.0,1885.0,2520.0,2177.0,2410.0,2580.0,2342.0,2357.0,2024.0,1942.0,1828.0,1856.0,1817.0,1802.0,2615.0,2131.0,2239.0,2430.0,2360.0,2411.0,2003.0,1897.0,1882.0,1878.0,1887.0,1920.0,2511.0,2169.0,2379.0,2568.0,2240.0,2347.0,2088.0,1895.0,1883.0,1874.0,1877.0,1976.0,2576.0,2322.0,2337.0,2572.0,2239.0,2321.0,2090.0,1942.0,1896.0,1946.0,1907.0,1990.0,2603.0,2382.0,2377.0,2537.0,2367.0,2401.0,2108.0,1916.0,1883.0,1936.0,1928.0,1946.0,2591.0,2216.0,2325.0,2503.0,2394.0,2417.0,2054.0,1998.0,1910.0,1958.0,1944.0,1993.0,2494.0,2222.0,2404.0,2553.0,2350.0,2419.0,2082.0,2031.0,1934.0,1922.0,1912.0,1960.0,2623.0,2252.0,2399.0,2502.0,2377.0,2504.0,2168.0,2110.0,2070.0,2082.0,2064.0,2057.0,2556.0,2397.0,2498.0,2624.0,2297.0,2434.0,2159.0,2177.0,2089.0,2102.0,2073.0,2175.0,2637.0,2370.0,2348.0,2388.0,2419.0,2478.0,2262.0,2220.0,2103.0,2141.0,2078.0,2191.0,2468.0,2230.0,2247.0,2354.0,2262.0,2317.0,1888.0,1905.0,1872.0,1961.0,1951.0,1981.0,2472.0,2307.0,2280.0,2549.0,2287.0,2388.0,2106.0,2087.0,2027.0,2061.0,2010.0,2062.0,2547.0,2283.0,2365.0,2415.0,2340.0,2408.0,2112.0,2119.0,2021.0,2046.0,2074.0,2050.0,2475.0,2304.0,2301.0,2431.0,2471.0,2355.0,2115.0,2097.0,2060.0,2091.0,2079.0,2063.0,2487.0,2271.0,2282.0,2360.0,2251.0,2424.0,2155.0,2119.0,2033.0,2080.0,2094.0,2095.0,2470.0,2360.0,2350.0,2405.0,2277.0,2393.0,2194.0,2157.0,2115.0,2191.0,2136.0,2128.0
SIHR,1983.0,1682.0,2101.0,1883.0,1898.0,1696.0,1719.0,2240.0,1914.0,1439.0,1405.0,1653.0,1842.0,1700.0,1772.0,1933.0,1765.0,1834.0,1641.0,1500.0,1488.0,1501.0,1469.0,1478.0,1943.0,1663.0,1854.0,1906.0,1804.0,1800.0,1570.0,1484.0,1439.0,1463.0,1460.0,1498.0,1830.0,1798.0,1802.0,1980.0,1732.0,1765.0,1651.0,1580.0,1580.0,1608.0,1573.0,1606.0,2032.0,1756.0,1929.0,2027.0,1743.0,1942.0,1681.0,1627.0,1567.0,1625.0,1580.0,1632.0,2105.0,1814.0,1863.0,2130.0,2011.0,2035.0,1759.0,1606.0,1568.0,1625.0,1606.0,1701.0,2148.0,2017.0,2084.0,2220.0,1883.0,1951.0,1915.0,1729.0,1690.0,1744.0,1736.0,1778.0,2178.0,1972.0,2160.0,2423.0,1967.0,2164.0,1874.0,1793.0,1762.0,1836.0,1795.0,1833.0,2311.0,2044.0,2236.0,2459.0,2114.0,2149.0,1900.0,1843.0,1824.0,1922.0,1877.0,1904.0,2485.0,2068.0,2142.0,2349.0,2213.0,2270.0,1925.0,2298.0,1934.0,2356.0,1837.0,1968.0,,,,,,,,,,,,,,,,,,,,,,,,,,,,,,,,,,,,,,,,,,,,,,,,,,,,,,,,,,,,,,,,,,,,,,,,,,,,,,,,,,,,,,,,,,,,,,,,,,,,,,,,,,,,,,,,,,,,,,,,,,,,,,,,,,,,,,,,,,,,,,,,,,,,,,,,,,,,,,,,,,,,,,,,
YUGO,5120.0,3989.0,4444.0,5285.0,4826.0,4562.0,4179.0,3992.0,3650.0,3566.0,3653.0,3618.0,3315.0,3167.0,3339.0,4224.0,3087.0,2875.0,2250.0,1668.0,1269.0,1232.0,1314.0,1356.0,4360.0,3307.0,4315.0,4527.0,4010.0,4219.0,3152.0,2549.0,2372.0,2330.0,2418.0,2386.0,4785.0,3812.0,4154.0,4530.0,4303.0,3733.0,3339.0,2830.0,2635.0,2608.0,2582.0,2699.0,4886.0,3360.0,4338.0,4868.0,4035.0,4548.0,3660.0,3094.0,2711.0,2770.0,2778.0,2913.0,5121.0,3874.0,4167.0,5164.0,4876.0,4830.0,3818.0,2976.0,2887.0,2951.0,2983.0,3269.0,4963.0,4007.0,4350.0,4975.0,4282.0,4278.0,4108.0,3040.0,2903.0,2948.0,2964.0,3057.0,4797.0,3610.0,4518.0,5531.0,4229.0,4656.0,3454.0,3214.0,2943.0,2966.0,2960.0,3082.0,5163.0,3483.0,4244.0,5005.0,4727.0,4206.0,2915.0,2225.0,2316.0,2636.0,2714.0,2767.0,5306.0,3420.0,3873.0,4837.0,4679.0,4549.0,3404.0,3064.0,2952.0,3013.0,3023.0,3090.0,5074.0,3520.0,4504.0,5539.0,4510.0,4195.0,3872.0,3137.0,3035.0,3094.0,3061.0,3114.0,5260.0,3851.0,4144.0,5094.0,4144.0,4216.0,3855.0,3221.0,3117.0,3130.0,3109.0,3189.0,,,,,,,,,,,,,,,,,,,,,,,,,,,,,,,,,,,,,,,,,,,,,,,,,,,,,,,,,,,,,,,,,,,,,,,,,,,,,,,,,,,,,,,,,,,,,,,,,,,,,,,,,,,,,,,,,,,,,,,,,,,,,,,,,,,,,,,,,,,,,,,,
CY,,,,,,,,,,,,,,,,,,,,,,,,,,,,,,,,,,,,,,,,,,,,,,,,,,,,,,,,,,,,,,,,,,,,,,,,,,,,,,,,,,,,,,,,,,,,,,,,,,,,,,,,,,,,,,,,,,,,,,,,,,,,,,,,,,,,,,,,,,,,,,,,,,,,,,,,,,,,,,,,,,,,,,,,,,,,,,,,,,,,,,,,,,,,,,,,,,,,,,,,,,,,,,,,,,,,,,,,,,,,,,,,,,,,,437.0,411.0,365.0,404.0,393.0,379.0,341.0,381.0,448.0,549.0,620.0,507.0,446.0,358.0,350.0,391.0,407.0,411.0,347.0,378.0,436.0,492.0,492.0,440.0,446.0,363.0,301.0,330.0,386.0,358.0,303.0,343.0,417.0,540.0,505.0,426.0,353.0,318.0,288.0,362.0,296.0,300.0,279.0,331.0,368.0,452.0,463.0,376.0,368.0,351.0,298.0,358.0,364.0,338.0,283.0,314.0,343.0,452.0,495.0,441.0
DK,,,,,,,,,,,,,,,,,,,,,,,,,,,,,,,,,,,,,,,,,,,,,,,,,,,,,,,,,,,,,,,,,,,,,,,,,,,,,,,,,,,,,,,,,,,,,,,,,,,,,,,,,,,,,,,,,,,,,,,,,,,,,,,,,,,,,,,,,,,,,,,,,,,,,,,,,,,,,,,,,,,,,,,,,,,,,,,,,,,,,,,,,,,,,,,,,,,,,,,,,,,,,,,,,,,,,,,,,,,,,,,,,,,,,3507.0,2960.0,3180.0,3546.0,3112.0,3197.0,2723.0,2742.0,2655.0,2573.0,2683.0,2762.0,3397.0,2895.0,3014.0,3156.0,2890.0,3139.0,2652.0,2727.0,2553.0,2527.0,2749.0,2759.0,3263.0,2953.0,3002.0,3263.0,3152.0,2980.0,2694.0,2653.0,2566.0,2378.0,2692.0,2672.0,3336.0,2829.0,2933.0,3048.0,2922.0,3094.0,2690.0,2590.0,1723.0,2456.0,2435.0,2294.0,3188.0,1943.0,2555.0,3113.0,2909.0,2916.0,2306.0,2648.0,2907.0,2556.0,2692.0,2697.0
EE,,,,,,,,,,,,,,,,,,,,,,,,,,,,,,,,,,,,,,,,,,,,,,,,,,,,,,,,,,,,,,,,,,,,,,,,,,,,,,,,,,,,,,,,,,,,,,,,,,,,,,,,,,,,,,,,,,,,,,,,,,,,,,,,,,,,,,,,,,,,,,,,,,,,,,,,,,,,,,,,,,,,,,,,,,,,,,,,,,,,,,,,,,,,,,,,,,,,,,,,,,,,,,,,,,,,,,,,,,,,,,,,,,,,,902.0,671.0,728.0,855.0,768.0,756.0,635.0,575.0,505.0,516.0,528.0,572.0,824.0,644.0,690.0,739.0,787.0,769.0,637.0,588.0,515.0,521.0,551.0,562.0,820.0,685.0,717.0,858.0,844.0,753.0,659.0,593.0,534.0,531.0,560.0,584.0,860.0,661.0,697.0,748.0,732.0,811.0,691.0,608.0,543.0,554.0,571.0,573.0,816.0,719.0,714.0,751.0,719.0,743.0,679.0,634.0,573.0,574.0,593.0,624.0
FI,,,,,,,,,,,,,,,,,,,,,,,,,,,,,,,,,,,,,,,,,,,,,,,,,,,,,,,,,,,,,,,,,,,,,,,,,,,,,,,,,,,,,,,,,,,,,,,,,,,,,,,,,,,,,,,,,,,,,,,,,,,,,,,,,,,,,,,,,,,,,,,,,,,,,,,,,,,,,,,,,,,,,,,,,,,,,,,,,,,,,,,,,,,,,,,,,,,,,,,,,,,,,,,,,,,,,,,,,,,,,,,,,,,,,9283.0,7284.0,8052.0,8994.0,8220.0,7885.0,6892.0,6518.0,5795.0,5941.0,6203.0,6400.0,8839.0,6828.0,7234.0,7465.0,8399.0,8142.0,6917.0,6525.0,5679.0,5896.0,6145.0,6175.0,8516.0,7167.0,7478.0,8679.0,8312.0,7762.0,6936.0,6336.0,5704.0,5845.0,6126.0,6264.0,8698.0,7086.0,7397.0,7761.0,7508.0,8388.0,7062.0,6280.0,5586.0,5893.0,6130.0,6255.0,8437.0,7138.0,7279.0,7730.0,7336.0,7645.0,6756.0,6268.0,5838.0,5941.0,6008.0,6118.0
GB,,,,,,,,,,,,,,,,,,,,,,,,,,,,,,,,,,,,,,,,,,,,,,,,,,,,,,,,,,,,,,,,,,,,,,,,,,,,,,,,,,,,,,,,,,,,,,,,,,,,,,,,,,,,,,,,,,,,,,,,,,,,,,,,,,,,,,,,,,,,,,,,,,,,,,,,,,,,,,,,,,,,,,,,,,,,,,,,,,,,,,,,,,,,,,,,,,,,,,,,,,,,,,,,,,,,,,,,,,,,,,,,,,,,,31080.0,27876.0,30429.0,34230.0,30478.0,30990.0,24869.0,25847.0,25225.0,24997.0,24371.0,25302.0,32710.0,27624.0,29137.0,31416.0,28436.0,29292.0,25111.0,25517.0,24573.0,24636.0,25050.0,25598.0,31784.0,28057.0,29406.0,31405.0,30652.0,29136.0,27052.0,26661.0,24214.0,24938.0,24816.0,25230.0,32261.0,26848.0,28901.0,29754.0,28570.0,31421.0,27173.0,24402.0,23785.0,24744.0,23824.0,24574.0,32243.0,28320.0,30380.0,30768.0,29083.0,31380.0,26097.0,26044.0,24327.0,24569.0,24361.0,25082.0
IE,,,,,,,,,,,,,,,,,,,,,,,,,,,,,,,,,,,,,,,,,,,,,,,,,,,,,,,,,,,,,,,,,,,,,,,,,,,,,,,,,,,,,,,,,,,,,,,,,,,,,,,,,,,,,,,,,,,,,,,,,,,,,,,,,,,,,,,,,,,,,,,,,,,,,,,,,,,,,,,,,,,,,,,,,,,,,,,,,,,,,,,,,,,,,,,,,,,,,,,,,,,,,,,,,,,,,,,,,,,,,,,,,,,,,2624.0,2201.0,2399.0,2665.0,2336.0,2432.0,2126.0,2095.0,1990.0,2041.0,2023.0,2069.0,2545.0,2186.0,2260.0,2432.0,2214.0,2331.0,2049.0,2095.0,1982.0,1991.0,2028.0,2009.0,2384.0,2189.0,2270.0,2354.0,2223.0,2222.0,2086.0,2091.0,1943.0,1982.0,1991.0,1982.0,2413.0,2220.0,2239.0,2382.0,2185.0,2376.0,2144.0,2093.0,1908.0,2022.0,2000.0,1997.0,2498.0,2276.0,2353.0,2445.0,2279.0,2397.0,2154.0,2192.0,2055.0,2100.0,2087.0,2120.0
IS,,,,,,,,,,,,,,,,,,,,,,,,,,,,,,,,,,,,,,,,,,,,,,,,,,,,,,,,,,,,,,,,,,,,,,,,,,,,,,,,,,,,,,,,,,,,,,,,,,,,,,,,,,,,,,,,,,,,,,,,,,,,,,,,,,,,,,,,,,,,,,,,,,,,,,,,,,,,,,,,,,,,,,,,,,,,,,,,,,,,,,,,,,,,,,,,,,,,,,,,,,,,,,,,,,,,,,,,,,,,,,,,,,,,,1458.0,1414.0,1419.0,1484.0,1327.0,1455.0,1376.0,1386.0,1323.0,1338.0,1351.0,1348.0,1475.0,1437.0,1411.0,1492.0,1335.0,1459.0,1361.0,1735.0,1325.0,1374.0,1383.0,1366.0,1490.0,1465.0,1446.0,1510.0,1415.0,1476.0,1383.0,1411.0,1339.0,1390.0,1406.0,1387.0,1533.0,1506.0,1488.0,1558.0,1401.0,1548.0,1452.0,1458.0,1383.0,1443.0,1448.0,1429.0,1609.0,1534.0,1536.0,1583.0,1482.0,1609.0,1515.0,1565.0,1466.0,1495.0,1493.0,1450.0
LT,,,,,,,,,,,,,,,,,,,,,,,,,,,,,,,,,,,,,,,,,,,,,,,,,,,,,,,,,,,,,,,,,,,,,,,,,,,,,,,,,,,,,,,,,,,,,,,,,,,,,,,,,,,,,,,,,,,,,,,,,,,,,,,,,,,,,,,,,,,,,,,,,,,,,,,,,,,,,,,,,,,,,,,,,,,,,,,,,,,,,,,,,,,,,,,,,,,,,,,,,,,,,,,,,,,,,,,,,,,,,,,,,,,,,1020.0,889.0,903.0,1033.0,868.0,868.0,768.0,780.0,736.0,787.0,811.0,795.0,982.0,868.0,899.0,948.0,908.0,910.0,795.0,816.0,781.0,812.0,828.0,815.0,966.0,913.0,920.0,997.0,965.0,917.0,824.0,770.0,780.0,826.0,845.0,829.0,1039.0,910.0,900.0,942.0,882.0,949.0,846.0,830.0,800.0,823.0,832.0,818.0,1005.0,955.0,958.0,995.0,891.0,920.0,873.0,862.0,825.0,846.0,863.0,866.0
LV,,,,,,,,,,,,,,,,,,,,,,,,,,,,,,,,,,,,,,,,,,,,,,,,,,,,,,,,,,,,,,,,,,,,,,,,,,,,,,,,,,,,,,,,,,,,,,,,,,,,,,,,,,,,,,,,,,,,,,,,,,,,,,,,,,,,,,,,,,,,,,,,,,,,,,,,,,,,,,,,,,,,,,,,,,,,,,,,,,,,,,,,,,,,,,,,,,,,,,,,,,,,,,,,,,,,,,,,,,,,,,,,,,,,,749.0,632.0,646.0,751.0,638.0,652.0,570.0,537.0,500.0,544.0,546.0,551.0,703.0,628.0,640.0,763.0,658.0,658.0,563.0,537.0,497.0,527.0,540.0,550.0,724.0,665.0,678.0,742.0,734.0,687.0,608.0,580.0,547.0,573.0,595.0,584.0,773.0,630.0,630.0,665.0,650.0,704.0,613.0,556.0,522.0,544.0,556.0,555.0,692.0,625.0,626.0,654.0,616.0,635.0,589.0,571.0,522.0,549.0,568.0,562.0
ME,,,,,,,,,,,,,,,,,,,,,,,,,,,,,,,,,,,,,,,,,,,,,,,,,,,,,,,,,,,,,,,,,,,,,,,,,,,,,,,,,,,,,,,,,,,,,,,,,,,,,,,,,,,,,,,,,,,,,,,,,,,,,,,,,,,,,,,,,,,,,,,,,,,,,,,,,,,,,,,,,,,,,,,,,,,,,,,,,,,,,,,,,,,,,,,,,432.0,368.0,418.0,466.0,412.0,399.0,348.0,344.0,351.0,386.0,385.0,345.0,462.0,361.0,375.0,418.0,425.0,408.0,348.0,326.0,331.0,375.0,389.0,365.0,390.0,287.0,213.0,350.0,363.0,364.0,269.0,269.0,266.0,300.0,305.0,266.0,371.0,324.0,376.0,408.0,349.0,360.0,307.0,289.0,298.0,336.0,333.0,293.0,408.0,331.0,357.0,396.0,362.0,370.0,301.0,298.0,313.0,354.0,368.0,325.0,414.0,251.0,272.0,352.0,390.0,349.0,327.0,295.0,291.0,345.0,340.0,274.0,408.0,253.0,449.0,369.0,420.0,607.0,755.0,395.0,223.0,306.0,219.0,248.0,338.0,246.0,262.0,313.0,301.0,303.0,261.0,240.0,257.0,325.0,319.0,253.0
NI,,,,,,,,,,,,,,,,,,,,,,,,,,,,,,,,,,,,,,,,,,,,,,,,,,,,,,,,,,,,,,,,,,,,,,,,,,,,,,,,,,,,,,,,,,,,,,,,,,,,,,,,,,,,,,,,,,,,,,,,,,,,,,,,,,,,,,,,,,,,,,,,,,,,,,,,,,,,,,,,,,,,,,,,,,,,,,,,,,,,,,,,,,,,,,,,,,,,,,,,,,,,,,,,,,,,,,,,,,,,,,,,,,,,,892.0,765.0,818.0,916.0,788.0,824.0,723.0,719.0,684.0,664.0,686.0,701.0,890.0,761.0,774.0,840.0,771.0,819.0,697.0,712.0,693.0,658.0,696.0,698.0,833.0,865.0,784.0,771.0,774.0,773.0,707.0,716.0,680.0,654.0,688.0,685.0,848.0,748.0,784.0,807.0,755.0,819.0,735.0,717.0,655.0,652.0,670.0,681.0,852.0,717.0,765.0,797.0,1414.0,782.0,697.0,711.0,660.0,658.0,661.0,685.0
NO,,,,,,,,,,,,,,,,,,,,,,,,,,,,,,,,,,,,,,,,,,,,,,,,,,,,,,,,,,,,,,,,,,,,,,,,,,,,,,,,,,,,,,,,,,,,,,,,,,,,,,,,,,,,,,,,,,,,,,,,,,,,,,,,,,,,,,,,,,,,,,,,,,,,,,,,,,,,,,,,,,,,,,,,,,,,,,,,,,,,,,,,,,,,,,,,,,,,,,,,,,,,,,,,,,,,,,,,,,,,,,,,,,,,,14925.0,10542.0,12631.0,14814.0,13063.0,12425.0,10136.0,9056.0,8152.0,7536.0,7911.0,8601.0,13528.0,10111.0,10936.0,12436.0,12355.0,12248.0,9345.0,8681.0,7830.0,7800.0,8164.0,8586.0,13465.0,10988.0,11634.0,14308.0,12667.0,11518.0,10457.0,9246.0,8327.0,7912.0,8326.0,9015.0,14310.0,10523.0,11739.0,12487.0,12492.0,13021.0,10819.0,9371.0,8105.0,7919.0,8246.0,8811.0,13526.0,10632.0,11726.0,12872.0,12065.0,12244.0,10410.0,9989.0,8880.0,8391.0,8585.0,8979.0
RS,,,,,,,,,,,,,,,,,,,,,,,,,,,,,,,,,,,,,,,,,,,,,,,,,,,,,,,,,,,,,,,,,,,,,,,,,,,,,,,,,,,,,,,,,,,,,,,,,,,,,,,,,,,,,,,,,,,,,,,,,,,,,,,,,,,,,,,,,,,,,,,,,,,,,,,,,,,,,,,,,,,,,,,,,,,,,,,,,,,,,,,,,,,,,,,,,3346.0,3111.0,3559.0,4015.0,3010.0,3290.0,3156.0,3193.0,3274.0,2804.0,2592.0,2489.0,3817.0,3207.0,3481.0,3994.0,3458.0,3572.0,3234.0,2780.0,2634.0,3110.0,2787.0,2908.0,3744.0,3318.0,3455.0,3677.0,3378.0,3865.0,2783.0,3157.0,3499.0,3646.0,3230.0,3102.0,3493.0,3269.0,2834.0,3285.0,3465.0,3681.0,3536.0,3303.0,3042.0,3232.0,3171.0,3214.0,3784.0,3182.0,3136.0,3034.0,3595.0,4217.0,3399.0,3433.0,3253.0,3265.0,3066.0,2810.0,4257.0,3075.0,3454.0,4250.0,4172.0,3615.0,3065.0,2815.0,2713.0,2810.0,2769.0,2635.0,4123.0,3248.0,3300.0,4227.0,3660.0,3859.0,3114.0,2744.0,2718.0,2819.0,2844.0,2788.0,4056.0,3285.0,3483.0,4020.0,3603.0,3748.0,3154.0,2771.0,2676.0,2916.0,2852.0,2762.0
SE,,,,,,,,,,,,,,,,,,,,,,,,,,,,,,,,,,,,,,,,,,,,,,,,,,,,,,,,,,,,,,,,,,,,,,,,,,,,,,,,,,,,,,,,,,,,,,,,,,,,,,,,,,,,,,,,,,,,,,,,,,,,,,,,,,,,,,,,,,,,,,,,,,,,,,,,,,,,,,,,,,,,,,,,,,,,,,,,,,,,,,,,,,,,,,,,,,,,,,,,,,,,,,,,,,,,,,,,,,,,,,,,,,,,,16221.0,12090.0,13762.0,16450.0,14209.0,13909.0,11169.0,10631.0,9647.0,9062.0,9662.0,10278.0,15015.0,11603.0,11818.0,13435.0,13994.0,13690.0,10870.0,10477.0,9424.0,9020.0,9698.0,10178.0,14577.0,11984.0,12446.0,15159.0,14303.0,12741.0,11661.0,10510.0,9791.0,8997.0,9652.0,10175.0,15305.0,11405.0,12381.0,13107.0,13453.0,14497.0,11795.0,10094.0,9140.0,8839.0,9535.0,10025.0,14100.0,11578.0,12242.0,13130.0,12610.0,12851.0,10967.0,10494.0,9602.0,8907.0,9561.0,9888.0
SE,3136.472588300705,2490.236335039139,2822.380881369114,3191.396355807781,2961.0501950383186,2779.2360194325447,2587.132155776024,2626.145656347275,2371.512143611908,2215.541687786579,2243.5839982628822,2292.6576974987984,2202.0225771665573,2084.5128995776176,2188.0023312568665,2672.8893725275993,2060.5572049617767,1971.469258069992,1606.1843820214272,1280.3183087706566,1075.9809362888336,1065.7219824194908,1090.7437490820885,1119.765796661377,2747.953854262829,2143.9910575151443,2698.700021982193,2820.333363175392,2528.6869112849236,2638.011909544468,2039.773263990879,1716.6156134009361,1616.808535039425,1604.5917162299156,1640.9801869392395,1639.8112736940384,2933.439229130745,2433.568948507309,2606.589794278145,2842.54126816988,2660.48483556509,2385.315326690674,2154.3094923496246,1884.7748445272446,1786.3814190030098,1783.2606999874115,1755.9462901353836,1827.3324306607246,3042.148892521858,2204.442621052265,2736.9644830822945,3029.654674112797,2532.9438999295235,2846.041100025177,2327.3650581240654,2033.955650985241,1826.5586550235748,1874.4069569706917,1862.092091023922,1945.0194427967072,3181.04889190197,2477.959243416786,2637.645281493664,3208.243301808834,3030.0174030065536,3012.908300817013,2428.8384657502174,1973.0074326992035,1916.9814050197601,1968.8316863775253,1972.26239579916,2142.605126619339,3117.3998535871506,2601.7414991259575,2788.2048261761665,3139.5422773361206,2696.4025030732155,2713.6301048994064,2617.359381198883,2037.462564945221,1958.6497452259064,2000.6596508026123,1998.8741649389267,2062.178576231003,3538.2336869239807,2822.7005071640015,3361.7979469895363,3969.968454658985,3141.386527597904,3448.709863483906,2693.725259244442,2524.064041495323,2372.3927516937256,2411.906206846237,2369.624858915806,2462.06375092268,3739.7249111533165,2776.7358051538467,3245.2319569587708,3717.0778335928917,3425.438755631447,3188.3465339541435,2413.3252958655357,2044.335793375969,2064.9470559954643,2261.895048260689,2274.165341615677,2315.9799448251724,3884.3139414191246,2750.2798635959625,3017.5909655690193,3582.8068048357964,3442.6190430521965,3407.9205159544945,2667.7227743268013,2604.2522814273834,2427.167555809021,2567.0803696513176,2437.502918422222,2519.2801916003227,3137.1540078520775,2294.0523734092712,2821.496565580368,3379.9482097029686,2787.8623300790787,2665.6984981298447,2441.41535282135,2048.06787699461,1969.4410969018936,2025.0282436013222,2001.294324696064,2049.2066709399223,3243.959353685379,2492.1675746440887,2639.1538375020027,3161.8058418035507,2603.8502611517906,2660.19918268919,2439.9549257159233,2097.329448580742,2037.9198735952377,2061.089449286461,2032.1006081700325,2095.4640781879425,771.5835254788399,715.3467621803284,717.4700645208359,758.1682538986206,705.2290968894958,721.7647318840027,648.5330302715302,612.8335654139519,607.6615565419197,629.6304149031639,607.2661747336388,609.6349405646324,765.7223946452141,684.0349082350731,716.4527195096016,762.2550186514854,709.3884821534157,732.0199735760689,637.166560292244,629.7990400195122,609.9316291213036,634.4287871718407,612.8887163996696,623.2445089221001,0.18517822585999966,0.16797464351111557,0.178389624285046,0.18591721341363154,0.17341189211583696,0.18136613626847975,0.15943112497916445,0.15562704678450245,0.1512615067040315,0.152675833000103,0.15007184134447016,0.15360188038903289,0.19496315038122702,0.17173079229542054,0.17932202479278203,0.1878403746377444,0.17586243136611301,0.18621542502660304,0.16060919816663954,0.1606832096586004,0.15876277956704143,0.16260774203692563,0.1589385192055488,0.15993355351383798,850.1907229265489,789.4306385655655,902.9991762872378,1018.5081287715875,765.5477666613588,835.1515796558815,800.0370786530693,809.1663459213887,829.630919757401,713.2294110920338,660.193628572757,633.1966448647436,968.8847864925774,813.2100224976457,882.146366316083,1011.7437477316562,877.96199391548,905.9349201998266,819.5452224054898,705.3547640984034,669.0064526447823,789.3871039155056,709.0690090968128,738.5738929213694,948.3740512310178,838.6377836279426,870.577355985457,930.3684438041237,856.0113392500789,977.7979408042447,704.3028582631232,797.8045680660289,883.2105799557903,921.0304433604906,817.1832286657009,783.9662921199197,10982.958635711911,8296.085528238575,9293.037745725393,11037.486802317973,9724.818450100618,9552.919864478827,7843.033536888557,7380.290999426608,6705.774488489129,6384.810073615605,6717.483889923096,7123.222286998411,10279.356286369148,7976.275314728904,8179.205021321948,9160.379911121665,9559.157059852718,9554.003916244808,7558.732462082728,7290.09134556714,6607.401308149987,6404.837479607944,6743.395526828637,6971.4281359759625,10166.22271519182,8255.299177395398,8659.215001109857,10555.28539469537,9902.107658035238,8834.213542387763,8014.169248662176,7222.923866522498,6716.9448293618625,6294.189270755611,6665.7879762685625,6977.741316813859,10605.223644159647,7942.081123596436,8605.521094745767,9295.187326328509,9322.390124648882,9975.688642689478,8154.613972792504,7014.026585100088,6360.543100201947,6216.62037288108,6609.603123786161,6913.386736449698,9884.799225480645,8051.169356184255,8575.266410399752,9302.135612530401,8871.193172148196,9014.537478892249,7680.53254640731,7295.5200385148055,6680.909423994948,6335.332284953038,6670.824981682992,6861.100344975712
