Country,day,month,year,repr,01:00:00,02:00:00,03:00:00,04:00:00,05:00:00,06:00:00,07:00:00,08:00:00,09:00:00,10:00:00,11:00:00,12:00:00,13:00:00,14:00:00,15:00:00,16:00:00,17:00:00,18:00:00,19:00:00,20:00:00,21:00:00,22:00:00,23:00:00,24:00:00
AT,15,1,2014, 100,6464,6287,6102,6185,6628,7482,8770,9198,9236,9278,9287,9198,9033,8968,8926,8878,9443,9607,9196,8681,8060,7900,7416,6718
AT,19,2,2014, 100,7212,7062,6806,6882,7384,8265,9509,10008,10204,10344,10502,10319,10296,10240,10184,10116,10147,10507,10122,9519,8889,8543,8078,7546
AT,19,3,2014, 100,6641,6426,6228,6274,6767,7704,8814,9361,9450,9462,9588,9526,9378,9269,9095,9036,8975,9338,9632,9153,8366,8061,7545,6894
AT,16,4,2014, 100,6834,6624,6439,6447,6954,7806,8700,9296,9410,9514,9714,9574,9352,9215,8982,8827,8763,8803,8646,8855,8470,8192,7655,7076
AT,21,5,2014, 100,6296,6167,5950,5972,6286,7239,8262,8693,8744,8783,8929,8875,8787,8674,8622,8506,8418,8342,8202,7981,7944,7707,7192,6619
AT,18,6,2014, 100,6290,6088,5931,5878,6220,7170,8280,8702,8793,8897,9085,9114,8969,8832,8751,8577,8468,8401,8152,7804,7571,7532,7130,6618
AT,16,7,2014, 100,6267,6101,5892,5856,6158,6968,7978,8571,8774,8955,9122,9110,9039,8903,8813,8666,8554,8501,8176,7941,7785,7737,7218,6631
AT,20,8,2014, 100,6145,6010,5814,5772,6196,7036,8019,8691,8923,9139,9320,9250,9027,8885,8774,8651,8579,8605,8437,8415,7888,7463,6979,6451
AT,17,9,2014, 100,6407,6228,5994,5986,6430,7556,8589,9018,9009,9058,9170,9030,8962,8877,8788,8684,8554,8562,8616,8798,8009,7624,7159,6697
AT,15,10,2014, 100,6387,6228,6052,6100,6548,7678,8949,9226,9203,9270,9402,9230,9085,9047,8905,8786,8809,9019,9375,8850,8092,7659,7142,6617
AT,19,11,2014, 100,6929,6766,6559,6640,7055,8103,9322,9675,9704,9806,9955,9888,9801,9766,9818,9938,10265,10156,9736,9140,8578,8215,7742,7196
AT,17,12,2014, 100,6380,6182,5984,6006,6517,7491,8834,9209,9212,9227,9272,9173,9125,9074,9132,9427,9776,9684,9230,8639,8006,7716,7154,6661
BA,15,1,2014, 100,1245,1141,1090,1068,1079,1153,1294,1506,1638,1701,1704,1726,1703,1754,1732,1694,1729,1841,1809,1767,1713,1623,1543,1397
BA,19,2,2014, 100,1210,1101,1070,1060,1058,1145,1324,1488,1602,1630,1595,1567,1546,1578,1562,1533,1529,1683,1799,1765,1692,1613,1486,1334
BA,19,3,2014, 100,1115,1039,986,982,1000,1078,1233,1404,1472,1457,1443,1451,1456,1550,1548,1542,1500,1487,1652,1702,1639,1548,1427,1269
BA,16,4,2014, 100,1196,1105,1054,1043,1047,1118,1268,1471,1583,1622,1627,1622,1610,1595,1644,1614,1606,1586,1619,1709,1772,1684,1541,1401
BA,21,5,2014, 100,1038,944,899,882,899,911,1061,1256,1340,1376,1376,1371,1365,1370,1421,1409,1372,1312,1277,1303,1468,1544,1369,1206
BA,18,6,2014, 100,1085,980,939,920,919,942,1049,1253,1349,1419,1432,1450,1458,1444,1478,1452,1416,1368,1357,1381,1474,1508,1385,1239
BA,16,7,2014, 100,1129,1046,1028,970,950,951,1059,1244,1370,1421,1448,1477,1495,1494,1539,1527,1485,1432,1404,1460,1520,1544,1412,1281
BA,20,8,2014, 100,1105,1025,981,956,963,998,1079,1261,1369,1408,1471,1490,1486,1498,1545,1510,1483,1429,1421,1480,1596,1550,1384,1243
BA,17,9,2014, 100,1062,988,951,928,939,1005,1148,1341,1432,1458,1453,1433,1437,1437,1483,1456,1434,1405,1432,1642,1629,1511,1338,1209
BA,15,10,2014, 100,1077,985,982,943,969,1022,1192,1379,1465,1489,1466,1481,1470,1486,1534,1528,1504,1507,1649,1682,1611,1493,1326,1195
BA,19,11,2014, 100,1134,1053,1009,998,1018,1110,1272,1455,1558,1601,1592,1596,1575,1631,1628,1629,1721,1811,1777,1725,1671,1591,1467,1319
BA,17,12,2014, 100,1207,1103,1058,1035,1051,1143,1353,1536,1638,1663,1660,1651,1645,1702,1716,1742,1823,1887,1828,1817,1741,1656,1548,1387
BE,15,1,2014, 100,10124,9659,9349,9137,9268,9665,10650,11748,12306,12386,12432,12577,12363,12367,12134,12170,12234,12894,12962,12416,11650,11088,11204,11136
BE,19,2,2014, 100,10104,9551,9171,8998,9033,9485,10674,11595,11687,11843,11968,12091,11774,11606,11542,11497,11417,11577,12188,12037,11418,10840,10940,10747
BE,19,3,2014, 100,9442,8816,8448,8344,8474,8983,9993,10611,10786,11009,10991,11060,10941,10880,10709,10638,10487,10570,10764,11257,10802,10242,10223,9906
BE,16,4,2014, 100,9243,8771,8390,8310,8421,8819,9635,10058,10459,10759,10853,10978,10800,10669,10551,10417,10328,10239,10222,9917,9832,10015,10082,9871
BE,21,5,2014, 100,8599,8170,7918,7811,7838,8117,8872,9848,10389,10897,11120,11422,11131,10858,10698,10660,10493,10477,10363,10125,9800,9669,9754,9273
BE,20,8,2014, 100,8505,8113,7823,7749,7766,8185,8871,9471,10061,10364,10624,10875,10725,10549,10475,10533,10442,10445,10258,9976,9786,9798,9739,9186
BG,15,1,2014, 100,4528,4222,4053,4021,4012,4210,4676,5237,5507,5701,5619,5615,5486,5470,5420,5417,5566,5862,6119,6023,5714,5520,5340,4916
BG,19,2,2014, 100,3998,3698,3618,3563,3577,3780,4213,4694,4921,5020,4892,4851,4672,4591,4480,4439,4470,4691,5329,5425,5215,5000,4855,4448
BG,19,3,2014, 100,3593,3349,3182,3135,3198,3400,3796,4198,4233,4163,3969,3930,3880,3899,3848,3803,3808,3890,4337,4886,4734,4526,4343,4008
BG,16,4,2014, 100,3875,3574,3437,3413,3404,3562,3950,4458,4693,4845,4794,4775,4733,4784,4761,4719,4766,4773,4952,5174,5195,5060,4826,4456
BG,21,5,2014, 100,3402,3110,2988,2960,2960,3049,3387,3646,3864,3843,3827,3860,3833,3900,3849,3835,3827,3790,3825,3921,3986,4171,4083,3818
BG,18,6,2014, 100,3466,3109,3055,2973,2965,3003,3272,3638,3902,4020,4057,4020,4042,4092,4036,4039,3994,4020,4149,4243,4193,4126,3970,3689
BG,16,7,2014, 100,3465,3197,3044,2983,3000,3057,3255,3537,3873,4069,4103,4157,4065,4111,4034,4026,3971,3963,4054,4046,4054,4223,4080,3847
BG,20,8,2014, 100,3390,3085,2972,2908,2886,2989,3169,3461,3822,3961,3982,4091,4058,4155,4143,4125,4091,4037,4101,4166,4315,4389,4110,3773
BG,17,9,2014, 100,3453,3147,3023,2997,3033,3118,3465,3807,4015,4135,4110,4070,3999,4010,3994,4041,4003,3986,4091,4511,4564,4258,3861,3671
BG,15,10,2014, 100,3499,3206,3101,3060,3065,3215,3680,4038,4220,4251,4110,4057,3933,3950,3927,3976,3979,4072,4380,4875,4703,4434,4084,3842
BG,19,11,2014, 100,4013,3757,3611,3566,3582,3740,4193,4663,5003,5090,5046,5027,4915,4850,4855,4948,5050,5384,5569,5490,5260,4982,4741,4458
CY,15,1,2014, 100,426,368,334,323,319,351,426,476,504,502,495,495,492,487,477,474,509,606,614,612,592,568,526,475
CY,19,2,2014, 100,387,337,311,301,304,320,392,435,461,460,457,452,453,452,438,429,426,490,563,566,554,531,494,443
CY,19,3,2014, 100,362,323,301,290,293,304,369,416,441,442,440,448,447,445,429,422,418,441,527,529,510,491,445,400
CY,16,4,2014, 100,345,308,290,280,279,290,348,412,442,452,452,449,448,446,433,428,425,423,433,488,503,481,444,394
CY,21,5,2014, 100,380,351,336,325,328,332,391,453,497,517,518,520,525,518,511,501,487,485,487,503,535,518,483,435
CY,18,6,2014, 100,467,422,404,390,382,373,436,520,592,635,657,664,665,657,651,638,636,629,619,608,630,626,590,551
CY,20,8,2014, 100,608,576,547,525,510,502,511,595,663,706,718,719,720,724,724,710,699,687,674,664,695,674,651,633
CY,17,9,2014, 100,463,428,406,388,384,398,440,521,599,636,648,657,659,654,645,639,633,619,604,647,632,591,550,506
CY,15,10,2014, 100,367,341,328,322,326,342,390,444,492,512,522,529,525,514,510,504,502,506,558,584,553,503,447,393
CY,19,11,2014, 100,321,300,288,284,288,306,353,406,440,443,449,451,453,452,450,449,477,547,556,541,509,465,411,360
CY,17,12,2014, 100,382,347,328,321,323,347,401,458,498,503,492,501,519,520,525,537,566,643,645,631,607,569,509,449
CZ,15,1,2014, 100,7015,7047,6961,6825,6920,7362,8503,9105,9124,9233,9192,9184,9260,9207,9142,9147,9157,9321,9144,9026,8796,8225,7772,7341
CZ,19,2,2014, 100,7026,7111,6926,6807,6890,7354,8439,8956,9085,9203,9183,9184,9236,9232,9161,8959,8701,9012,9047,8902,8671,8176,7625,7232
CZ,19,3,2014, 100,6568,6595,6451,6360,6468,6940,7900,8352,8548,8566,8506,8517,8577,8551,8560,8528,8296,8244,8559,8716,8453,7830,7243,6853
CZ,16,4,2014, 100,6775,6800,6713,6609,6661,7088,8062,8641,8772,8912,8725,8706,8741,8654,8522,8539,8349,8296,8114,8267,8435,8012,7502,7066
CZ,21,5,2014, 100,6109,6096,5973,5825,5834,6005,6955,7562,7660,7729,7533,7617,7737,7645,7551,7573,7504,7372,7249,7308,7306,7234,6855,6410
CZ,18,6,2014, 100,6126,6056,5980,5834,5738,5947,6908,7382,7559,7696,7659,7731,7760,7610,7557,7617,7515,7377,7186,7213,7138,7018,6838,6438
CZ,16,7,2014, 100,6032,5961,5849,5704,5682,5789,6640,7149,7436,7644,7726,7886,7896,7783,7650,7674,7512,7358,7134,7061,7029,6964,6732,6314
CZ,20,8,2014, 100,5921,5835,5675,5612,5618,5855,6689,7218,7535,7670,7719,7833,7821,7651,7502,7520,7457,7311,7129,7201,7385,7012,6570,6173
CZ,17,9,2014, 100,5951,5950,5801,5694,5711,6116,7148,7643,7771,7912,7761,7821,7891,7772,7673,7695,7572,7410,7317,7757,7750,7114,6639,6205
CZ,15,10,2014, 100,6111,6089,5975,5851,5887,6333,7626,8111,8240,8299,8135,8159,8209,8073,8042,8033,7954,7935,8270,8417,8005,7311,6824,6393
CZ,19,11,2014, 100,6646,6607,6457,6382,6469,6951,8180,8721,8823,8918,8823,8867,8983,8988,8937,9055,9208,9210,9022,8906,8546,7976,7455,7032
CZ,17,12,2014, 100,6993,6942,6868,6739,6829,7300,8442,8986,8981,9006,8910,8912,9004,9058,9083,9282,9459,9425,9215,9057,8856,8317,7719,7292
DE,15,1,2014, 97,55278,53052,52031,52582,54173,57505,66159,73731,75724,75145,75524,76504,76058,75676,74861,74445,75040,78606,78219,76046,71520,67938,65052,59946
DE,19,2,2014, 97,55484,53302,52246,52861,54414,58068,66577,73334,75395,75755,76757,77760,76938,76250,74888,73875,72591,74265,77609,76195,71663,67676,64700,59361
DE,19,3,2014, 97,52334,50363,49491,49923,51881,56082,64322,69848,72678,73274,74444,75689,74517,73556,72207,70924,69311,69228,71618,74422,70224,66036,62207,56819
DE,16,4,2014, 97,52911,50892,50068,50831,52577,56291,62263,67908,71070,71862,72981,73920,72841,71860,70215,68913,66955,66274,66075,66182,66539,65446,61620,56389
DE,21,5,2014, 97,49626,47732,46634,46789,47988,51243,59746,66639,70143,71078,72764,74195,73492,72537,71446,69839,68068,67545,66839,65872,63376,62449,59487,54353
DE,18,6,2014, 97,48783,46700,45471,45540,46500,49225,56994,63596,67244,68324,70162,71506,70554,69845,68570,67294,65671,65177,64432,62984,60267,57642,55956,51945
DE,16,7,2014, 97,49471,47480,46363,46436,47403,50152,57876,64662,68529,69797,71715,73278,72880,72079,70727,69602,67883,67173,66167,65021,62446,60503,58579,53688
DE,20,8,2014, 97,46901,44973,44013,44198,45354,49077,56110,61897,65279,66657,68460,69691,68781,68113,66600,65607,63632,62986,62807,62324,60897,59390,54825,49771
DE,17,9,2014, 97,48812,46905,45680,45929,47320,51714,61405,66492,69029,69755,71231,72679,71881,71082,69910,68489,66676,65904,65541,67227,67407,62574,57650,52621
DE,15,10,2014, 97,49184,47128,46204,46538,48026,52426,62028,69421,71343,71271,72276,73332,72221,71085,69921,68745,67019,67356,70325,72069,67529,62773,57883,52801
DE,19,11,2014, 97,52287,50044,49289,49717,51223,54815,63071,70298,72776,73304,74427,75582,74825,74190,73278,73072,74064,76480,75750,73380,68762,64844,61153,56274
DE,17,12,2014, 97,54038,51791,50878,51394,52805,56309,64976,72471,74806,74782,75905,76680,76217,75942,75275,75009,76069,77003,75619,73330,69168,65427,62047,56831
DK,15,1,2014, 100,3293,3141,3052,3060,3160,3421,4197,5020,5266,5202,5294,5270,5172,5204,5133,5025,5219,5591,5368,5009,4661,4336,3948,3574
DK,19,2,2014, 100,3230,3092,3012,3030,3118,3382,4115,4850,5060,5115,5194,5137,5034,5022,4930,4781,4791,5204,5259,4912,4553,4226,3855,3457
DK,19,3,2014, 100,3088,2990,2955,2974,3061,3340,3874,4534,4785,4853,4921,4952,4910,4927,4856,4707,4648,4832,4891,4795,4462,4132,3752,3420
DK,16,4,2014, 100,3021,2892,2850,2870,2942,3149,3549,4081,4406,4488,4541,4454,4341,4286,4140,3960,3876,4034,4023,3851,3776,3769,3462,3140
DK,21,5,2014, 100,2884,2733,2693,2689,2703,2848,3429,4108,4383,4466,4581,4546,4454,4490,4399,4231,4160,4285,4143,3928,3730,3609,3505,3152
DK,18,6,2014, 100,3067,2913,2840,2823,2799,2974,3509,4139,4466,4560,4694,4700,4613,4641,4548,4366,4269,4367,4265,4054,3848,3680,3578,3367
DK,16,7,2014, 100,2676,2521,2453,2427,2412,2499,2872,3357,3701,3854,3960,3970,3898,3877,3808,3723,3655,3775,3703,3497,3311,3176,3117,2912
DK,20,8,2014, 100,2902,2794,2728,2739,2803,3022,3508,4109,4355,4454,4578,4587,4484,4496,4428,4246,4197,4351,4216,3952,3764,3766,3440,3080
DK,17,9,2014, 100,2858,2725,2687,2685,2733,2999,3639,4207,4419,4447,4528,4515,4442,4456,4379,4195,4128,4333,4209,4093,4090,3822,3457,3093
DK,15,10,2014, 100,2985,2842,2785,2786,2847,3066,3616,4317,4601,4693,4800,4785,4705,4687,4594,4427,4369,4659,4716,4522,4181,3892,3567,3222
DK,19,11,2014, 100,3102,2971,2922,2939,3000,3279,4004,4787,4959,4970,5055,5036,4968,4981,4923,4852,5097,5415,5136,4807,4451,4128,3755,3382
DK,17,12,2014, 100,3430,3285,3224,3220,3280,3501,4178,5024,5275,5224,5279,5228,5136,5148,5121,5088,5319,5566,5316,4974,4655,4300,3915,3542
EE,15,1,2014, 100,921,889,887,903,943,1051,1200,1299,1313,1307,1289,1259,1271,1259,1270,1302,1332,1314,1288,1258,1208,1121,1032,968
EE,19,2,2014, 100,797,780,779,796,840,959,1086,1179,1214,1206,1201,1177,1192,1177,1171,1154,1175,1218,1200,1166,1100,1012,920,844
EE,19,3,2014, 100,838,825,804,803,836,887,1008,1125,1160,1164,1152,1123,1147,1133,1129,1107,1084,1115,1158,1110,1068,965,895,838
EE,16,4,2014, 100,724,702,703,706,731,814,950,1065,1087,1079,1065,1039,1053,1039,1017,986,959,943,933,949,991,924,836,773
EE,21,5,2014, 100,627,606,591,574,589,682,822,936,960,975,980,972,985,977,963,942,913,885,859,830,807,788,740,672
EE,18,6,2014, 100,642,612,590,573,597,689,812,929,979,992,990,975,997,987,975,940,908,884,858,836,812,774,735,687
EE,16,7,2014, 100,608,581,568,546,563,630,729,830,886,904,908,900,924,916,906,885,854,823,791,772,752,732,708,651
EE,20,8,2014, 100,589,573,564,541,542,567,632,719,771,795,804,801,808,805,795,787,774,766,752,759,790,741,668,614
EE,17,9,2014, 100,638,626,628,632,664,759,875,965,993,988,984,968,992,978,972,947,916,904,913,964,918,825,730,672
EE,15,10,2014, 100,691,674,666,673,705,824,965,1040,1074,1075,1070,1049,1081,1069,1055,1027,1018,1057,1064,1026,970,888,805,741
EE,19,11,2014, 100,835,826,820,832,871,998,1156,1222,1260,1247,1245,1217,1235,1228,1236,1293,1295,1277,1238,1192,1133,1043,959,892
EE,17,12,2014, 100,801,791,785,793,827,947,1103,1219,1224,1209,1212,1198,1213,1207,1221,1259,1238,1210,1178,1143,1089,1006,926,863
ES,15,1,2014, 100,27413,25199,23970,23445,23308,23769,26344,30966,34278,34930,35562,35474,35259,35116,33910,33459,33210,33891,35577,36796,36869,36103,33296,29988
ES,19,2,2014, 100,27939,25653,24330,23776,23630,24269,26986,31681,34086,35237,35313,34834,34358,34081,32673,31993,31739,31795,31914,35112,36065,35419,32901,29903
ES,19,3,2014, 100,25172,23444,22399,21865,21710,22289,23975,26557,28816,30141,30626,30775,30658,30439,29132,28200,27785,27660,27674,29940,32213,31443,29312,26598
ES,16,4,2014, 100,24593,23031,22062,21601,21278,21551,23207,25218,26689,28684,29457,29773,30044,29959,28915,28202,27953,27829,27408,27213,27925,29671,27434,25501
ES,21,5,2014, 100,24836,23400,22630,22374,22255,22645,24215,26427,28813,30187,30968,31337,31829,31773,30471,29870,29409,29510,29244,29004,29369,30415,29195,26535
ES,18,6,2014, 100,26585,24968,23962,23542,23337,23626,24954,27305,29514,31036,31871,32143,32808,32865,31743,31091,31103,31126,30713,30611,30582,30243,29417,27522
ES,16,7,2014, 100,28279,26441,25178,24596,24381,24570,26051,27830,30244,32741,34338,35120,35926,36252,35330,34708,34707,34702,34448,33878,33029,32816,32451,30389
ES,20,8,2014, 100,25705,23925,22765,22276,22055,22277,23447,24958,26587,28805,30299,30771,31505,31971,31215,30056,29877,29876,29762,29332,29254,30782,29433,27066
ES,17,9,2014, 100,26226,24694,23850,23473,23262,23796,25750,28959,30586,31946,32836,33538,34007,34094,32824,32307,32290,32356,31899,31514,33031,33401,30254,27609
ES,15,10,2014, 100,23998,22622,21840,21467,21344,21684,23842,27594,29705,30331,31014,31255,31746,31528,30327,29669,29580,29655,29473,30700,32798,31905,28740,26149
ES,19,11,2014, 100,26307,24338,23247,22771,22701,23194,25743,29791,31914,32816,33409,33388,33343,33120,31808,31163,30974,31944,34550,35101,35004,33749,31018,28095
ES,17,12,2014, 100,27445,24990,23782,23290,23176,23730,26261,30937,33984,34723,35195,34917,34772,34578,33368,32914,32874,33827,35962,36494,36569,35937,33435,30136
FI,15,1,2014, 100,11816,11572,11504,11594,12048,13062,13565,13749,13467,13389,13261,13212,13094,13006,13096,13440,13630,13562,13651,13498,12940,12884,12607,12084
FI,19,2,2014, 100,9921,9687,9604,9665,9987,10909,11356,11353,11407,11397,11411,11369,11325,11173,11124,11033,11476,11762,11839,11674,11089,11103,10897,10360
FI,19,3,2014, 100,10190,10006,9996,10111,10565,11199,11480,11691,11657,11600,11480,11395,11362,11226,11245,11208,11249,11503,12156,12024,11449,11512,11328,10888
FI,16,4,2014, 100,9171,8969,8934,9039,9250,9954,10383,10461,10398,10320,10282,10258,10138,10008,9952,9839,9756,9836,10027,10178,10260,10223,10042,9560
FI,21,5,2014, 100,7214,7073,6940,6779,7039,7812,8524,8924,9011,9028,9000,9014,8914,8813,8769,8738,8682,8599,8648,8592,8185,8185,8205,7651
FI,18,6,2014, 100,7196,6952,6779,6644,6783,7529,8057,8390,8510,8495,8446,8443,8364,8265,8196,8017,7933,7835,7908,7931,7585,7508,7376,7011
FI,16,7,2014, 100,7130,6932,6821,6687,6836,7381,7905,8273,8444,8601,8649,8671,8646,8607,8538,8452,8357,8268,8197,8095,7883,7909,7891,7501
FI,20,8,2014, 100,7245,7044,7045,7128,7256,8018,8694,9008,9202,9272,9316,9268,9182,9143,9044,8902,8875,8810,8943,8985,8756,8656,8283,7769
FI,17,9,2014, 100,7490,7371,7324,7390,7767,8506,8974,9219,9269,9249,9243,9248,9119,8874,8872,8751,8693,8643,8907,9341,8870,8613,8311,7908
FI,15,10,2014, 100,8525,8335,8250,8370,8740,9662,10291,10317,10426,10436,10385,10363,10223,10133,10033,10016,10146,10609,10947,10740,10227,9968,9739,9264
FI,19,11,2014, 100,9198,9003,8925,8928,9298,10295,10983,11222,11133,11072,11046,11008,10944,10928,11096,11389,11397,11433,11440,11246,10599,10548,10263,9782
FI,17,12,2014, 100,9566,9369,9280,9336,9662,10638,11220,11576,11515,11332,11295,11332,11275,11255,11498,11704,11644,11527,11493,11461,10911,10891,10537,9962
FR,15,1,2014, 100,64898,63845,61745,59776,60420,64223,71295,76546,77386,77562,77331,77854,77354,75792,73768,72507,72342,76254,79318,75996,71138,66973,69103,67830
FR,19,2,2014, 100,61257,60513,58217,55929,56353,60098,67173,70691,72261,72955,72526,72520,71554,69688,67677,66033,65428,67109,74286,71973,67211,63347,65782,64914
FR,19,3,2014, 100,53236,52317,50116,48314,48830,52989,58860,62105,63619,63591,62599,62351,61465,59252,56920,55029,53644,54171,59217,63043,58651,55115,57784,57500
FR,16,4,2014, 100,49218,48256,46378,44994,45494,49127,54554,58152,59912,59921,59186,59308,58850,57166,55201,53197,51726,51468,53366,52937,53311,52202,54822,54054
FR,21,5,2014, 100,43320,42010,39663,38151,38103,40412,45095,49615,52571,54055,55175,56302,56198,55177,53762,52206,51037,50770,52489,51173,48191,47399,50370,49149
FR,18,6,2014, 100,42564,41311,39125,37659,37728,39341,43752,47855,50898,52357,53289,54521,54298,53484,52457,51076,49850,49418,50734,48949,46054,45598,49931,48695
FR,16,7,2014, 100,43085,41698,39506,37812,37681,39507,42660,47139,50642,53221,54304,55624,55782,55127,54720,53418,52293,51671,52179,50491,47573,47355,51726,49794
FR,20,8,2014, 100,38985,37932,35601,33995,34020,36075,38268,41322,44512,46819,47788,48988,49600,47953,46988,45343,44253,44113,45360,44624,43408,43342,45942,44520
FR,17,9,2014, 100,42037,40793,38715,37295,37649,40484,46882,49866,52048,53624,54494,55469,55258,54193,53407,52069,51000,50635,52192,51944,50795,47179,49104,47602
FR,15,10,2014, 100,44147,42952,40748,39077,39267,42804,49450,54401,55368,56146,56633,57461,57125,55712,54361,52814,52030,52376,56490,57773,52887,48903,51245,50094
FR,19,11,2014, 100,56486,55320,53254,51401,52044,56072,63550,67927,68630,68560,68219,68145,67572,65554,63611,62514,63555,69206,72431,69154,64250,60490,62965,61898
FR,17,12,2014, 100,60569,60061,57889,55941,56259,60211,67739,73298,73560,73596,73778,74801,74541,73158,71568,70212,70761,73825,75593,72155,67211,63160,65213,63821
GB,15,1,2014, 88,36669,35643,35129,34134,33130,32196,33457,39726,47935,50144,50745,50776,50947,50854,50418,50159,50638,54504,56787,55815,53594,50310,45812,41045
GB,19,2,2014, 87,37258,36329,35811,34624,33610,32683,34019,39701,45424,48885,50470,50562,50436,50375,49987,49896,49951,51279,54562,55831,53195,49774,45168,40459
GB,19,3,2014, 89,32168,31143,30326,29216,28238,27700,29350,35065,41479,43755,44300,44086,43665,43205,42480,42071,41938,43671,44870,47882,48374,45441,41388,36697
GB,16,4,2014, 90,31444,28295,28243,28142,27445,27274,28611,32818,38450,41120,41617,40945,40392,39711,38876,38420,38303,39296,40550,40687,40571,41725,39735,35664
GB,21,5,2014, 90,30541,27383,26470,25815,25347,25160,25694,30820,37294,39511,40071,39812,39840,39783,39250,38976,39158,40611,41121,40272,39192,38147,37798,35224
GB,18,6,2014, 91,30246,27100,25887,25238,24805,24329,24982,29896,36409,39380,40446,40398,40459,40107,39673,39254,39178,40256,40534,39527,38453,36910,35878,34754
GB,16,7,2014, 91,30515,27176,25727,24748,24390,24125,24517,29118,35173,38261,39293,39327,39539,39792,39365,39336,39416,40603,40920,39891,38494,37216,36678,34895
GB,20,8,2014, 89,30244,27108,25977,25280,24875,25094,26213,29862,35403,38551,39701,39748,40128,40157,39652,39216,39028,39975,40726,40334,39523,39774,38892,34749
GB,17,9,2014, 91,29479,26575,25459,24852,24648,24481,25943,31516,37875,40326,41160,40900,41061,40781,40284,39891,40213,41937,42708,42521,43372,42525,38821,34346
GB,15,10,2014, 88,32261,29119,29011,28796,28010,27750,29227,35472,43118,44636,44961,45052,44973,44825,44162,43746,44003,46514,48825,50317,49034,45885,41710,36869
GB,19,11,2014, 89,33823,32339,31506,30197,29244,28840,30684,37205,44648,46397,47030,47270,47413,47401,47129,47064,48106,52765,54692,53948,51794,48741,44182,39556
GB,17,12,2014, 88,35286,33539,33025,31637,30654,29776,31175,37484,45694,48381,48789,48709,48419,48332,48262,48511,49838,54790,55861,54368,51861,48639,44202,39322
GR,15,1,2014, 100,4735,4721,4497,4358,4495,4985,5842,6053,6461,6588,6582,6611,6629,6530,6830,6891,6987,7404,7423,7410,6907,6179,5625,5102
GR,19,2,2014, 100,4434,4382,4192,4148,4259,4693,5353,5399,5326,5079,4877,4702,4620,4468,4721,5000,5468,6445,6975,7008,6628,6004,5461,4890
GR,19,3,2014, 100,4194,4125,3983,3939,4080,4379,4724,4503,4305,3977,3797,3781,3779,3729,3865,4117,4606,5397,6295,6439,6100,5456,4985,4506
GR,16,4,2014, 100,4213,4063,3934,3905,3994,4297,4730,5094,5393,5376,5323,5379,5433,5264,5144,5044,4991,5222,5653,6347,6354,5812,5291,4778
GR,21,5,2014, 100,4246,4011,3965,3959,4060,4197,4563,4592,4529,4381,4307,4282,4209,4042,3879,3938,4282,4746,5222,5705,6032,5482,5079,4654
GR,18,6,2014, 100,4837,4608,4466,4446,4489,4611,5020,5353,5529,5529,5507,5636,5736,5482,5131,5109,5304,5739,6053,6292,6624,6247,5835,5373
GR,16,7,2014, 100,5036,4803,4718,4669,4713,4751,5150,5415,5558,5596,5597,5697,5804,5623,5286,5271,5509,5808,6128,6373,6720,6320,6013,5581
GR,20,8,2014, 100,5271,5045,4898,4818,4793,4872,5078,5438,5585,5539,5544,5537,5537,5407,5242,5305,5666,6149,6551,7003,7120,6627,6247,5777
GR,17,9,2014, 100,4434,4250,4184,4118,4189,4484,4917,5084,5125,5040,4961,4978,4951,4805,4588,4676,5012,5349,5837,6415,6028,5513,5086,4652
GR,15,10,2014, 100,4154,3959,3937,3910,4024,4420,4943,5118,5153,4958,4861,4752,4632,4512,4433,4599,4977,5458,6252,6313,5953,5405,4957,4516
GR,19,11,2014, 100,4309,4223,4096,4053,4130,4560,5129,5321,5456,5455,5418,5319,5364,5324,5556,5759,6230,6591,6627,6578,6190,5637,5164,4683
GR,17,12,2014, 100,4972,4888,4694,4607,4697,5190,6055,6371,6928,6965,7049,7103,7012,6849,7197,7224,7470,7788,7806,7694,7177,6603,6007,5421
HR,15,1,2014, 100,1646,1483,1411,1394,1414,1539,1893,2167,2276,2316,2286,2309,2284,2198,2121,2086,2210,2488,2495,2480,2392,2395,2205,1918
HR,19,3,2014, 100,1527,1519,1462,1449,1475,1522,1719,1970,2065,2084,2049,2108,2079,2010,1918,1833,1813,1866,2162,2329,2260,2240,2038,1782
HR,21,5,2014, 100,1560,1519,1438,1412,1438,1450,1625,1889,1957,1987,1990,2041,2061,1990,1929,1873,1850,1819,1812,1865,2047,2189,2088,1845
HR,18,6,2014, 100,1563,1499,1451,1424,1422,1426,1566,1850,1966,2022,2026,2085,2100,2070,2004,1946,1926,1925,1935,1966,2019,2144,2083,1890
HR,16,7,2014, 100,1694,1626,1568,1528,1550,1544,1657,1941,2128,2239,2248,2319,2372,2353,2287,2216,2204,2172,2201,2237,2264,2386,2288,2019
HR,20,8,2014, 100,1652,1617,1548,1512,1535,1592,1655,1911,2077,2170,2201,2267,2296,2271,2189,2119,2079,2103,2145,2225,2436,2316,2163,1915
HR,17,9,2014, 100,1503,1368,1310,1291,1318,1446,1720,1936,2063,2084,2070,2113,2100,2054,1996,1940,1932,1931,1987,2303,2328,2168,2014,1739
HR,15,10,2014, 100,1591,1456,1405,1403,1422,1536,1828,1977,2049,2105,2109,2161,2133,2068,1990,1928,1911,1979,2184,2276,2184,2029,1910,1682
HR,19,11,2014, 100,1492,1368,1297,1277,1300,1438,1775,1968,2098,2132,2121,2143,2123,2063,2003,1966,2121,2381,2390,2369,2289,2235,2034,1759
HR,17,12,2014, 100,1651,1628,1550,1530,1543,1687,1921,2163,2248,2290,2266,2296,2271,2205,2147,2136,2362,2521,2499,2483,2404,2410,2222,1932
HU,15,1,2014, 100,4187,3993,3797,3738,3841,4171,4989,5311,5355,5398,5425,5428,5408,5386,5396,5418,5506,5646,5547,5487,5277,5066,4879,4601
HU,19,2,2014, 100,4211,3983,3800,3753,3860,4208,4929,5206,5257,5311,5338,5359,5363,5326,5280,5326,5301,5464,5539,5480,5281,5048,4850,4583
HU,19,3,2014, 100,4022,3788,3595,3567,3685,3998,4611,4891,4922,4967,5012,5034,5023,4969,4943,4949,4847,4813,5205,5282,5125,4907,4696,4394
HU,16,4,2014, 100,4143,3912,3684,3617,3714,4001,4612,4952,4956,4992,5034,5068,5094,5043,5047,5098,5047,4897,4817,4999,5202,4928,4687,4514
HU,21,5,2014, 100,4002,3814,3577,3486,3497,3692,4350,4736,4786,4868,4934,4953,5015,5006,5001,4962,4900,4787,4674,4668,4841,4859,4531,4296
HU,18,6,2014, 100,4074,3858,3652,3580,3594,3770,4364,4755,4861,4970,5058,5111,5156,5122,5128,5133,5083,5006,4908,4846,4806,4894,4652,4434
HU,16,7,2014, 100,4222,4008,3825,3763,3789,3920,4489,4923,5086,5242,5385,5470,5551,5529,5500,5493,5404,5286,5161,5071,5022,5097,4832,4586
HU,20,8,2014, 100,3594,3368,3189,3100,3078,2983,2961,3212,3445,3630,3759,3814,3807,3700,3655,3629,3612,3544,3518,3634,3892,3720,3524,3341
HU,17,9,2014, 100,4030,3854,3676,3621,3727,4023,4601,4940,5003,5075,5105,5111,5116,5093,5062,5062,4990,4897,4883,5278,5163,4819,4486,4312
HU,15,10,2014, 100,4076,3904,3737,3687,3773,4117,4855,5073,5100,5172,5213,5261,5285,5251,5219,5181,5129,5165,5417,5425,5193,4823,4537,4391
HU,19,11,2014, 100,4209,4027,3852,3782,3894,4265,5022,5295,5345,5392,5442,5477,5501,5440,5393,5468,5724,5766,5655,5557,5337,5108,4813,4557
HU,17,12,2014, 100,4249,4055,3872,3798,3913,4263,5000,5303,5311,5334,5311,5311,5296,5232,5220,5322,5658,5660,5547,5469,5279,5072,4823,4560
IE,15,1,2014, 100,3157,2873,2629,2466,2397,2389,2414,2641,3195,3508,3588,3694,3701,3708,3658,3598,3616,3767,4240,4261,4043,3807,3568,3236
IE,19,2,2014, 100,3111,2850,2622,2479,2400,2358,2372,2597,3037,3313,3531,3603,3666,3692,3640,3608,3630,3718,3942,4192,4071,3859,3592,3289
IE,19,3,2014, 100,2976,2734,2493,2357,2303,2278,2308,2529,3026,3363,3522,3531,3549,3564,3490,3443,3469,3572,3715,3832,4020,3830,3554,3214
IE,16,4,2014, 100,2669,2487,2291,2157,2080,2068,2109,2301,2715,3151,3357,3392,3395,3413,3354,3276,3246,3267,3344,3330,3210,3231,3369,3040
IE,21,5,2014, 100,2604,2350,2173,2070,2017,2001,1986,2188,2748,3191,3306,3306,3318,3348,3291,3276,3289,3341,3371,3322,3153,3040,3018,2980
IE,18,6,2014, 100,2700,2397,2181,2060,2015,2004,1971,2208,2714,3177,3366,3424,3428,3456,3384,3338,3347,3362,3417,3335,3178,3028,2903,2877
IE,16,7,2014, 100,2537,2264,2074,1979,1909,1965,1981,2116,2545,2967,3241,3318,3357,3409,3277,3215,3199,3216,3350,3284,3088,2934,2841,2841
IE,20,8,2014, 100,2562,2276,2071,1961,1903,1910,1961,2112,2519,2973,3246,3307,3329,3378,3320,3263,3243,3286,3363,3307,3128,3034,3158,2901
IE,17,9,2014, 100,2504,2259,2108,2017,1968,1970,2038,2293,2815,3200,3309,3313,3335,3354,3315,3283,3329,3391,3475,3398,3339,3492,3289,2921
IE,15,10,2014, 100,2459,2315,2216,2140,2141,2208,2447,3051,3396,3463,3462,3495,3544,3514,3471,3503,3581,3683,3705,3850,3668,3413,3038,2667
IE,19,11,2014, 100,2722,2504,2370,2297,2293,2333,2559,3162,3426,3527,3576,3620,3683,3652,3633,3688,3919,4297,4258,4050,3832,3555,3214,3037
IE,17,12,2014, 100,2992,2767,2601,2496,2477,2493,2740,3299,3662,3723,3744,3793,3799,3712,3720,3822,4150,4439,4366,4169,3960,3726,3375,3229
IS,15,1,2014, 100,1992,1984,1972,1956,1967,1977,2003,1992,2122,2149,2152,2143,2132,2135,2133,2122,2126,2146,2154,2128,2112,2098,2069,2028
IS,19,2,2014, 100,1965,1953,1949,1951,1955,1966,1996,2018,2064,2070,2077,2010,2079,2076,2078,2067,2056,2045,2074,2065,2038,2023,1994,1960
IS,19,3,2014, 100,1823,1824,1826,1827,1823,1833,1855,1896,1947,1957,1947,1964,1958,1957,1942,1922,1934,1938,1938,1936,1943,1934,1906,1871
IS,16,4,2014, 100,1787,1775,1768,1769,1774,1770,1774,1820,1860,1881,1889,1896,1898,1877,1871,1866,1860,1859,1868,1859,1846,1877,1871,1845
IS,21,5,2014, 100,1920,1903,1909,1900,1886,1891,1918,1963,2002,2006,2017,1999,2007,2008,2006,1990,1985,1982,1983,1971,1955,1946,1953,1917
IS,18,6,2014, 100,1857,1848,1840,1834,1835,1842,1868,1909,1956,1984,1703,1693,1978,1996,1980,1974,1971,1980,1983,1963,1954,1946,1929,1908
IS,16,7,2014, 100,1916,1916,1909,1900,1892,1900,1921,1957,2000,2011,2015,2002,1988,1990,2004,1998,1974,1973,1983,1974,1957,1944,1931,1926
IS,20,8,2014, 100,1896,1884,1878,1881,1885,1880,1893,1937,1963,1962,1978,1992,1969,1977,1979,1969,1880,1876,1975,1977,1968,1964,1965,1940
IS,17,9,2014, 100,1937,1923,1920,1920,1921,1925,1944,1986,2038,2055,2071,2056,2061,2067,2057,2059,2047,2053,2059,2046,1966,2029,2009,1982
IS,15,10,2014, 100,1927,1915,1912,1935,1936,1947,1975,2037,2079,2096,2116,2095,2060,2072,2069,2065,2066,1996,2086,2070,2057,2046,2021,1991
IS,19,11,2014, 100,1953,1939,1933,1930,1931,1955,1980,2034,2095,2099,2098,2101,2094,2053,2102,2090,2091,2101,2102,2091,1930,2039,2036,2000
IS,17,12,2014, 100,2070,2060,2055,2054,2053,2023,2086,2137,2192,2223,2245,2170,2129,2236,2238,2244,2252,2258,2249,2233,2215,2177,2147,2135
IT,15,1,2014, 100,30056,28309,27268,27068,27333,29046,34268,41207,45653,47967,48575,47985,45057,44225,44685,44751,45839,48481,48527,47360,44698,41452,37372,33669
IT,19,2,2014, 100,30246,28438,27558,27165,27513,29174,34242,40068,44919,46699,46574,46755,44023,43531,44484,44760,44774,45257,47129,46258,43685,40500,36502,33093
IT,19,3,2014, 100,29192,27477,26726,26444,26684,28139,31818,37701,42501,44135,44289,44257,41730,41167,41781,41978,41495,40490,42437,44726,42179,39206,35481,32361
IT,16,4,2014, 100,29224,27750,26828,26594,26745,28174,31806,37171,42140,44147,44395,44554,42532,42231,43123,42730,41883,40576,38931,39956,41905,40036,36271,33058
IT,21,5,2014, 100,29959,28240,27354,27001,27179,27591,30463,36352,41540,43472,44083,44224,42301,42014,42747,42785,42546,41198,39632,39419,40005,39745,36329,33224
IT,18,6,2014, 100,31521,29802,28751,28330,28445,28688,32074,37598,43404,45821,46128,46363,44425,44569,46063,45454,45269,43591,42246,41347,40631,40379,37680,34766
IT,16,7,2014, 100,33183,31308,29963,29362,29336,30040,32880,38929,45166,48158,49301,49963,47988,47864,48860,49532,49683,48272,45928,44484,43530,43428,40478,37555
IT,20,8,2014, 100,25958,24040,23105,22658,22616,23600,24965,27542,31109,33880,34846,35138,34389,34087,33523,33283,33884,33722,33883,34829,36442,34767,31818,29458
IT,17,9,2014, 100,30204,28443,27566,27182,27381,28926,33487,37828,43248,45511,46016,45984,43817,43267,44678,45320,44983,43263,42152,44511,44195,40555,36489,33448
IT,15,10,2014, 100,28736,26868,26178,25864,26213,27651,32934,38800,42741,44387,44113,43854,41333,41215,42484,42541,42691,41689,43222,45108,42070,38771,34899,31826
IT,19,11,2014, 100,28605,26819,26051,25617,25921,27718,33298,39175,43726,45233,45293,45036,42460,42439,43497,43646,45222,48709,47861,46457,43550,39820,35964,32546
IT,17,12,2014, 100,29780,27509,26514,26293,26534,28584,34737,41909,46181,47470,47407,47366,43997,43718,45304,46067,48183,50374,49164,47772,45251,41937,37384,33331
LT,15,1,2014, 100,1009,993,1001,1013,1062,1267,1479,1589,1622,1613,1598,1566,1579,1571,1566,1580,1641,1620,1569,1517,1424,1268,1135,1061
LT,19,2,2014, 100,997,974,967,974,1039,1242,1413,1530,1583,1593,1585,1559,1576,1563,1547,1511,1534,1588,1564,1520,1432,1274,1139,1052
LT,19,3,2014, 100,954,932,924,933,993,1167,1322,1463,1514,1511,1494,1460,1467,1455,1431,1395,1387,1432,1492,1450,1361,1205,1078,1009
LT,16,4,2014, 100,944,922,917,927,977,1111,1290,1438,1501,1496,1486,1461,1467,1461,1437,1373,1327,1304,1292,1328,1378,1242,1090,1001
LT,21,5,2014, 100,907,882,874,878,902,1068,1252,1384,1432,1435,1424,1404,1420,1415,1390,1345,1299,1266,1246,1235,1232,1214,1075,962
LT,18,6,2014, 100,891,862,845,829,855,1001,1160,1295,1363,1375,1368,1357,1373,1356,1331,1294,1247,1225,1210,1186,1165,1127,1059,956
LT,16,7,2014, 100,902,869,856,846,860,988,1148,1290,1364,1389,1396,1390,1406,1390,1370,1331,1284,1255,1227,1200,1176,1164,1079,965
LT,20,8,2014, 100,867,843,829,831,866,976,1139,1284,1353,1375,1377,1362,1378,1378,1353,1313,1263,1240,1220,1223,1266,1151,1006,917
LT,17,9,2014, 100,873,854,848,853,911,1096,1246,1353,1386,1385,1376,1359,1383,1376,1356,1320,1270,1254,1276,1378,1304,1129,987,909
LT,15,10,2014, 100,940,921,915,923,981,1184,1384,1484,1532,1525,1514,1482,1508,1491,1463,1430,1402,1448,1500,1457,1352,1196,1060,975
LT,19,11,2014, 100,990,967,959,970,1037,1257,1456,1557,1600,1600,1598,1568,1589,1586,1584,1624,1652,1618,1563,1502,1407,1247,1122,1043
LT,17,12,2014, 100,1037,1009,1001,1009,1074,1289,1508,1634,1657,1657,1638,1603,1627,1625,1635,1689,1682,1646,1600,1546,1455,1305,1173,1090
LU,15,1,2014, 100,558,543,526,521,515,541,609,703,746,755,764,783,757,750,744,737,734,769,771,753,698,652,631,586
LU,19,2,2014, 100,545,531,520,509,511,540,588,667,698,714,732,756,741,720,713,701,702,711,741,735,686,637,631,582
LU,19,3,2014, 100,526,509,493,495,503,532,597,653,697,703,709,722,691,685,666,656,656,662,694,730,686,633,611,559
LU,16,4,2014, 100,528,514,496,496,505,540,580,640,682,692,699,706,683,665,654,643,636,636,635,633,625,618,598,558
LU,21,5,2014, 100,499,476,473,472,480,502,556,637,685,703,714,727,714,697,682,667,660,663,665,652,630,604,586,543
LU,18,6,2014, 100,490,475,459,461,469,483,541,608,648,676,684,693,684,672,668,655,647,643,647,638,612,588,574,537
LU,16,7,2014, 100,504,487,475,475,487,512,556,617,664,694,706,725,714,697,684,672,668,662,659,649,610,587,587,542
LU,20,8,2014, 100,459,439,431,433,443,471,514,559,595,617,628,631,634,623,612,602,594,590,581,567,553,550,524,491
LU,17,9,2014, 100,498,473,465,463,477,492,566,627,658,686,698,710,693,689,683,669,654,655,663,673,671,622,571,533
LU,15,10,2014, 100,516,497,489,485,498,532,608,693,714,718,724,748,719,713,699,693,686,689,722,738,684,628,591,548
LU,19,11,2014, 100,526,511,503,499,509,535,601,687,714,723,724,735,715,709,713,694,702,752,767,745,691,643,613,572
LU,17,12,2014, 100,551,537,516,522,514,541,611,698,753,760,771,791,765,757,751,739,738,763,773,743,695,643,626,585
LV,15,1,2014, 100,686,674,678,689,780,940,1081,1153,1160,1156,1116,1100,1113,1114,1148,1188,1190,1146,1125,1092,1009,901,793,739
LV,19,2,2014, 100,658,664,659,676,750,917,1009,1093,1106,1119,1076,1074,1078,1081,1080,1053,1111,1119,1074,1031,964,855,755,692
LV,19,3,2014, 100,652,642,641,680,721,824,940,1048,1081,1079,1033,1027,1042,1013,1005,970,998,1068,1070,1022,951,841,732,706
LV,16,4,2014, 100,596,591,590,608,643,754,888,958,1013,986,944,946,965,939,922,890,885,860,869,916,889,803,695,628
LV,21,5,2014, 100,573,558,558,544,578,721,868,951,966,970,939,962,924,924,913,870,861,827,814,805,831,769,665,599
LV,18,6,2014, 100,546,528,516,508,570,671,788,869,917,923,899,906,912,904,884,838,838,816,783,792,767,707,651,586
LV,16,7,2014, 100,562,553,519,507,554,644,766,886,908,904,902,901,914,906,895,882,848,820,798,772,757,762,661,589
LV,20,8,2014, 100,548,536,540,552,584,657,775,885,927,937,911,902,917,899,894,857,831,821,816,829,820,728,643,585
LV,17,9,2014, 100,562,559,551,581,604,730,880,939,958,938,918,917,928,908,907,866,852,835,897,913,831,716,629,582
LV,15,10,2014, 100,601,582,582,615,666,828,917,1024,1034,1036,995,1008,1021,1009,1007,972,985,1038,1018,964,884,792,696,633
LV,19,11,2014, 100,605,595,591,623,698,890,981,1065,1080,1088,1046,1047,1058,1083,1086,1131,1124,1071,1044,1001,908,822,732,654
LV,17,12,2014, 100,641,636,618,664,718,895,1036,1102,1122,1127,1064,1086,1095,1095,1139,1151,1156,1103,1075,1016,929,825,718,678
ME,15,1,2014, 100,405,367,336,319,312,319,347,391,433,459,463,474,478,474,469,466,480,498,496,494,481,468,453,437
ME,19,2,2014, 100,372,333,307,293,283,296,341,388,408,408,401,393,389,383,381,386,398,437,467,467,456,439,422,408
ME,19,3,2014, 100,331,294,274,267,262,269,309,351,367,366,364,363,354,346,343,346,349,373,423,435,425,411,388,367
ME,16,4,2014, 100,353,315,293,282,280,285,322,381,422,436,442,435,431,437,429,423,422,426,440,466,483,476,448,422
ME,21,5,2014, 100,310,276,253,243,237,238,256,289,320,344,352,352,352,345,337,328,319,314,315,325,367,376,354,335
ME,18,6,2014, 100,304,270,252,243,234,235,266,315,345,364,369,368,364,368,365,359,351,347,353,356,379,395,380,358
ME,16,7,2014, 100,327,290,269,257,249,247,279,323,364,389,390,402,410,414,409,397,392,394,416,427,436,435,414,383
ME,20,8,2014, 100,342,304,284,273,267,273,298,350,391,408,413,419,423,424,427,421,420,419,431,453,487,465,437,405
ME,17,9,2014, 100,305,281,263,244,252,269,280,325,349,357,357,363,361,357,354,350,347,345,367,410,410,386,363,333
ME,15,10,2014, 100,312,277,263,260,260,259,283,322,340,354,351,351,346,342,335,333,338,348,391,401,386,366,348,322
ME,19,11,2014, 100,364,339,310,304,303,294,323,365,391,403,409,412,407,400,397,398,427,459,463,455,449,441,419,417
ME,17,12,2014, 100,395,354,335,319,306,322,348,394,428,440,440,440,439,430,423,428,463,486,490,487,477,463,440,425
MK,19,2,2014, 100,1077,943,845,807,788,836,923,924,965,978,966,947,937,929,912,893,949,1102,1158,1170,1133,1107,1215,1189
MK,19,3,2014, 100,919,804,746,725,713,760,758,799,828,835,853,865,857,844,831,825,828,898,1057,1079,1032,1029,1081,1060
MK,21,5,2014, 100,809,722,682,658,653,672,716,759,780,818,821,826,827,827,812,791,790,791,825,854,942,966,988,928
MK,20,8,2014, 100,738,656,608,594,594,616,634,686,754,800,829,847,838,857,859,849,834,825,817,871,936,901,913,866
MK,17,9,2014, 100,738,660,609,607,587,632,670,723,731,764,766,766,766,767,762,760,759,768,811,899,883,874,891,837
MK,15,10,2014, 100,771,671,635,615,625,666,738,757,807,820,825,836,853,859,847,828,838,892,979,996,965,955,987,946
MK,19,11,2014, 100,947,790,702,664,662,680,749,787,841,868,872,863,853,856,837,848,963,1023,1009,1006,979,947,1037,1044
MK,17,12,2014, 100,1169,1021,913,851,834,863,960,986,1044,1089,1103,1105,1101,1093,1089,1106,1190,1222,1201,1189,1161,1133,1271,1272
NI,15,1,2014, 100,953,840,806,803,802,780,796,911,1186,1329,1345,1342,1352,1368,1343,1339,1335,1433,1640,1563,1462,1381,1284,1150
NI,19,2,2014, 100,941,824,801,768,768,757,763,871,1079,1218,1282,1320,1330,1343,1298,1283,1293,1357,1472,1519,1441,1341,1251,1108
NI,19,3,2014, 100,867,757,739,714,717,713,732,830,1053,1170,1235,1238,1244,1258,1222,1203,1206,1285,1370,1365,1390,1317,1205,1062
NI,16,4,2014, 100,876,775,708,701,687,697,720,803,989,1144,1202,1197,1199,1194,1166,1156,1152,1192,1245,1189,1134,1156,1163,1038
NI,21,5,2014, 100,869,750,694,684,658,646,634,743,969,1110,1145,1151,1156,1164,1106,1100,1100,1132,1179,1119,1046,1023,1032,1021
NI,18,6,2014, 100,880,763,698,683,665,642,641,746,962,1104,1149,1162,1160,1158,1123,1110,1121,1152,1184,1120,1051,1017,979,980
NI,16,7,2014, 100,795,673,635,616,602,596,586,658,798,939,1021,1050,1061,1061,1032,1004,1010,1040,1095,1032,962,918,898,908
NI,20,8,2014, 100,827,720,661,643,617,617,633,704,878,1025,1100,1116,1129,1134,1110,1092,1082,1111,1172,1113,1049,1032,1078,980
NI,17,9,2014, 100,859,761,713,698,685,679,702,830,1041,1169,1194,1191,1197,1185,1151,1127,1134,1177,1239,1176,1149,1249,1164,1018
NI,15,10,2014, 100,884,776,732,725,708,711,724,861,1131,1236,1265,1263,1275,1279,1236,1227,1253,1333,1413,1403,1369,1300,1180,1041
NI,19,11,2014, 100,915,782,780,740,723,723,747,889,1154,1260,1281,1293,1288,1304,1266,1250,1290,1435,1587,1497,1415,1336,1229,1081
NI,17,12,2014, 100,1010,869,844,809,806,797,812,940,1206,1362,1367,1353,1367,1367,1325,1322,1359,1526,1626,1569,1481,1410,1319,1164
NL,15,1,2014, 100,11282,10661,10334,10254,10302,10767,12309,14785,16212,16657,16787,16883,16792,16896,16899,16847,17064,17752,16940,16349,15487,14536,13324,12240
NL,19,2,2014, 100,11076,10382,10098,10015,10126,10548,12008,14339,15703,16325,16501,16399,15958,15903,16012,15991,16060,16311,16392,16018,15225,14209,13102,12033
NL,19,3,2014, 100,10809,10138,9838,9803,9833,10311,11638,13478,14848,15276,15125,14924,14700,14725,14667,14528,14680,14953,14648,15376,14785,13921,12728,11709
NL,16,4,2014, 100,10844,10173,9851,9778,9910,10388,11645,13460,14820,15222,15129,15080,14796,14767,14597,14460,14358,14424,13830,13525,13424,13771,12754,11819
NL,21,5,2014, 100,10828,10138,9867,9696,9700,9829,10719,12567,14083,14855,15078,15203,15130,15326,15242,15146,15101,14897,14122,13718,13287,13156,12773,11920
NL,18,6,2014, 100,10400,9637,9335,9209,9219,9321,10362,12263,13820,14590,14852,14962,14860,14891,14751,14522,14400,14143,12948,12283,12149,11919,11979,11517
NL,16,7,2014, 100,10857,10180,9848,9696,9748,9809,10602,12220,13774,14572,14930,15052,14948,15030,14944,14774,14711,14674,13821,13370,12928,12542,12544,12010
NL,20,8,2014, 100,10421,9742,9425,9302,9321,9676,10560,11988,13381,14062,14282,14447,14313,14328,14328,14216,14096,14013,13372,12998,12745,12936,12182,11380
NL,17,9,2014, 100,10837,10179,9924,9800,9827,10187,11464,13209,14444,15026,15134,15290,15173,15260,15231,15172,15151,15107,14318,14090,14653,14015,12922,11860
NL,15,10,2014, 100,10542,9920,9617,9567,9616,9996,11340,13556,14774,15246,15257,15188,14927,14963,14897,14797,14889,15067,14738,15290,14604,13662,12580,11656
NL,19,11,2014, 100,10994,10421,10080,9947,10031,10581,12122,14511,15851,16416,16542,16599,16476,16560,16478,16454,16849,17589,16715,16109,15179,14253,13054,11999
NL,17,12,2014, 100,11657,10973,10608,10480,10557,11021,12540,15145,17009,17601,17704,17713,17516,17526,17412,17367,17837,18160,17218,16638,15842,14828,13658,12537
NO,15,1,2014, 100,18162,17707,17580,17624,17711,18261,19918,21616,22082,21927,21877,21723,21671,21616,21542,21650,21894,21732,21416,21151,20805,20272,19672,18781
NO,19,2,2014, 100,16079,15803,15689,15656,15882,16595,18064,19700,20046,20126,20073,19771,19614,19330,19185,19259,19245,19715,19871,19676,19304,18812,18075,17251
NO,19,3,2014, 100,15300,15088,15006,15125,15114,15541,17163,19032,19447,19040,18918,18717,18517,18251,18154,17982,17789,17810,17971,18139,17928,17474,16740,16051
NO,16,4,2014, 100,13945,13688,13553,13566,13619,13941,14458,15192,15735,15932,15929,15684,15277,14853,14731,14632,14546,14503,14515,14492,14510,14445,13997,13649
NO,21,5,2014, 100,10937,10558,10538,10126,10268,10314,11475,12713,13093,12997,12985,12865,12806,12620,12695,12774,12684,12510,12444,12442,12330,12139,12024,11427
NO,18,6,2014, 100,11015,10735,10594,10501,10224,10411,11380,12443,12964,13382,13392,12887,12841,12844,12889,12802,12717,12580,12781,12356,12265,12056,11823,11480
NO,16,7,2014, 100,9811,9458,9268,9201,9138,9208,9691,10388,10824,11117,11473,11520,11623,11572,11415,11382,11299,11199,11066,10956,10836,10681,10593,10343
NO,20,8,2014, 100,10618,10180,10047,9970,10115,10505,11212,12650,12878,12860,12693,12641,12558,12464,12394,12334,12250,12226,12221,12040,12103,12291,11912,11038
NO,15,10,2014, 100,12779,12440,12339,12365,12553,13115,14433,16096,16321,15998,15936,15645,15324,15143,15081,15146,15334,15429,15732,15792,15584,15302,14677,13865
NO,19,11,2014, 100,14655,14310,14131,14195,14338,14680,16255,18099,18491,18112,17987,18019,17711,17845,17948,18158,18601,18399,18194,17925,17622,17304,16534,15686
NO,17,12,2014, 100,16591,16170,16007,16048,16270,16887,18626,20409,20963,20739,20619,20294,20063,20335,20589,20977,21072,20752,20346,20015,19575,19119,18552,17699
PL,15,1,2014, 100,15740,15099,14935,14889,15019,15665,17977,19897,20517,20865,20880,21136,21171,21339,21122,20978,21877,22223,21905,21795,21051,19632,18207,16754
PL,19,2,2014, 100,15099,14580,14366,14337,14665,15304,17294,18808,19928,20326,20337,20585,20510,20630,20304,19874,19902,20952,21317,21202,20516,19139,17665,16340
PL,19,3,2014, 100,14943,14366,14281,14220,14379,14725,16536,18431,19426,19771,19796,20082,20058,20148,19804,19510,19377,19666,20918,21187,20570,19176,17637,16296
PL,16,4,2014, 100,15330,14641,14338,14317,14553,14780,16615,18728,19750,20002,19992,20219,20209,20191,19861,19479,19179,18844,18699,19217,20396,19443,17887,16629
PL,21,5,2014, 100,14134,13482,13189,13096,12833,13013,15163,17250,18190,18518,18485,18757,18842,18885,18636,18380,18086,17793,17465,17625,17931,18265,16916,15524
PL,18,6,2014, 100,14267,13642,13323,13186,12825,13196,15138,17096,17976,18410,18478,18830,18967,18934,18556,18383,18116,17807,17410,17465,17464,17514,16835,15517
PL,16,7,2014, 100,14586,13919,13580,13528,13195,13257,15041,17049,18293,18889,19164,19510,19626,19590,19264,19006,18615,18227,17962,17863,17929,18284,17407,15811
PL,20,8,2014, 100,14350,13589,13316,13278,13494,13450,15010,16714,17788,18385,18419,18718,18850,18882,18445,18170,17893,17558,17320,17648,18834,18255,16568,15285
PL,17,9,2014, 100,14356,13837,13618,13513,13692,14221,15855,17546,18381,18590,18493,18820,18875,19002,18732,18457,18259,18041,18139,19888,19930,18386,16666,15338
PL,15,10,2014, 100,14876,14286,13854,13956,14126,14756,17109,18410,19184,19437,19479,19609,19604,19647,19306,19080,18941,19140,20627,21058,20308,18808,17200,15735
PL,19,11,2014, 100,15568,14937,14651,14720,14935,15614,17894,19438,20305,20741,20693,21031,21181,21313,21083,21167,22133,22107,21795,21562,20856,19495,17950,16669
PL,17,12,2014, 100,15832,15210,14944,14866,15142,15854,18279,20146,20741,21080,20935,21113,21068,21162,20919,21268,22309,22258,21919,21796,21231,19885,18319,16963
PT,15,1,2014, 100,5907,5357,5046,4855,4762,4748,4865,5308,6008,6845,7147,7177,7396,7028,7159,7323,7239,7292,7496,7760,7814,7530,7262,6705
PT,19,2,2014, 100,6037,5448,5100,4868,4771,4787,4904,5307,6002,6805,7036,7133,7154,6801,6862,6935,6830,6796,6773,7610,7784,7557,7193,6659
PT,19,3,2014, 100,5267,4892,4652,4480,4409,4453,4517,4601,5426,6093,6262,6285,6304,6088,6056,6137,6045,5914,5777,6173,6688,6386,6142,5821
PT,16,4,2014, 100,5221,4872,4539,4439,4393,4349,4443,4490,5065,5792,6032,6151,6270,6107,6206,6165,6151,6208,5999,5915,6074,6471,6143,5746
PT,21,5,2014, 100,5095,4716,4495,4416,4345,4325,4271,4405,5105,5802,6107,6234,6379,6056,6145,6346,6324,6227,6070,6033,6144,6198,6165,5788
PT,18,6,2014, 100,5496,5189,4874,4732,4651,4593,4506,4678,5254,6064,6283,6425,6564,6363,6462,6629,6642,6584,6307,6244,6200,6119,6238,5980
PT,16,7,2014, 100,5608,5172,4912,4779,4705,4627,4601,4694,5290,6198,6449,6659,6840,6674,6767,6975,7001,6981,6736,6587,6541,6411,6617,6162
PT,20,8,2014, 100,4920,4545,4336,4242,4176,4146,4213,4175,4488,5181,5431,5583,5729,5787,5739,5800,5737,5651,5598,5618,5669,6129,5903,5482
PT,19,11,2014, 100,5446,4999,4734,4541,4448,4472,4603,4956,5546,6410,6618,6899,7105,6706,6798,6928,6942,7051,7351,7339,7273,6902,6562,6155
PT,17,12,2014, 100,5998,5489,5102,4906,4785,4761,4878,5350,5793,6692,7014,7041,7152,6838,6814,6807,6804,6804,7563,7622,7652,7340,7065,6662
RO,15,1,2014, 100,5509,5384,5332,5417,5581,6106,6922,7247,7330,7332,7216,7147,7137,7120,7062,7171,7624,7788,7693,7549,7137,6589,6025,5677
RO,19,2,2014, 100,5371,5274,5215,5235,5450,6032,6599,6864,7026,6916,6690,6561,6529,6463,6411,6455,6678,7326,7496,7415,6967,6398,5863,5545
RO,19,3,2014, 100,5138,5051,5012,5098,5346,5610,6057,6235,6286,6103,6035,5978,6047,6018,5944,6019,6256,6602,7196,7137,6723,6127,5587,5277
RO,16,4,2014, 100,5208,5110,5041,5070,5230,5542,6053,6555,6822,6884,6874,6846,6845,6760,6728,6618,6627,6619,6751,7150,7075,6538,5943,5605
RO,21,5,2014, 100,4690,4616,4571,4592,4609,4804,5290,5558,5613,5580,5524,5546,5567,5518,5440,5390,5430,5447,5476,5671,6092,5858,5288,4886
RO,18,6,2014, 100,4659,4547,4473,4491,4467,4670,5232,5607,5744,5805,5835,5839,5944,5867,5763,5707,5689,5626,5627,5756,6035,5894,5340,4886
RO,16,7,2014, 100,4814,4725,4716,4669,4693,4902,5429,5888,6060,6089,6059,6092,6197,6192,6084,6079,6053,5952,5964,6066,6381,6199,5562,5080
RO,20,8,2014, 100,4741,4609,4594,4575,4650,4759,5138,5635,5874,5872,5926,5968,5990,5938,5917,5930,5916,5847,5851,6194,6440,5951,5318,4924
RO,17,9,2014, 100,4810,4743,4768,4828,4926,5256,5745,5989,5972,6034,5970,5922,5963,5915,5888,5855,5879,5874,6204,6760,6450,5807,5294,4976
RO,15,10,2014, 100,5029,4902,4879,4928,5082,5543,6155,6317,6336,6279,6136,6103,6179,6019,5889,5903,6065,6345,7039,7092,6700,5969,5443,5159
RO,19,11,2014, 100,5601,5402,5344,5294,5316,5518,5999,6658,7075,7262,7185,7080,7024,7121,7016,7007,7173,7653,7755,7639,7424,7052,6426,5803
RO,17,12,2014, 100,5983,5716,5591,5548,5579,5814,6343,7099,7464,7533,7530,7422,7368,7410,7344,7297,7500,8009,8061,7929,7781,7428,6817,6210
RS,15,1,2014, 100,5269,4883,4536,4312,4219,4358,4819,5292,5545,5684,5656,5628,5634,5553,5462,5517,5888,6175,6201,6123,5974,5832,5653,5443
RS,19,2,2014, 100,4722,4282,3985,3801,3766,3975,4495,5002,5135,5089,4854,4717,4608,4552,4526,4567,4729,5311,5689,5689,5501,5356,5170,4909
RS,19,3,2014, 100,4153,3790,3489,3389,3386,3594,4096,4521,4649,4611,4523,4533,4626,4665,4699,4789,4891,5033,5524,5637,5553,5412,5067,4788
RS,16,4,2014, 100,4560,4150,3811,3617,3594,3754,4195,4729,4993,4990,4994,5057,5174,5107,5034,5122,5061,5135,5352,5690,5834,5828,5442,5175
RS,21,5,2014, 100,3444,3004,2749,2604,2607,2722,3159,3710,3965,4076,4094,4080,4068,4019,3937,3866,3830,3796,3795,3932,4516,4723,4371,3929
RS,18,6,2014, 100,3373,2992,2753,2639,2589,2697,3086,3582,3893,4039,4146,4182,4153,4083,3988,3908,3904,3874,3936,4069,4358,4455,4237,3877
RS,16,7,2014, 100,3484,3165,2956,2848,2766,2792,3167,3574,3875,4090,4139,4213,4248,4248,4147,4167,4077,4063,4118,4275,4457,4481,4175,3830
RS,20,8,2014, 100,3332,2984,2814,2742,2727,2789,3133,3646,3973,4162,4181,4286,4309,4289,4232,4143,4099,4068,4067,4303,4733,4561,4206,3853
RS,17,9,2014, 100,3285,2987,2738,2652,2706,2872,3299,3807,4071,4117,4150,4202,4120,4060,4014,3998,3988,3973,4177,4824,4824,4584,4230,3803
RS,15,10,2014, 100,3579,3216,2979,2895,2905,3113,3620,4095,4298,4353,4343,4321,4260,4226,4176,4208,4264,4486,4970,5028,4890,4665,4314,3953
RS,19,11,2014, 100,4449,4071,3781,3608,3614,3807,4211,4656,4762,4787,4753,4728,4732,4678,4705,4901,5326,5602,5556,5495,5331,5210,5070,4762
RS,17,12,2014, 100,5144,4756,4397,4155,4117,4305,4847,5424,5523,5534,5541,5534,5486,5458,5399,5497,6014,6157,6134,6137,6046,5888,5718,5453
SE,15,1,2014, 100,18388,18087,18006,18096,18460,19281,21316,23197,23271,23089,23243,23324,23177,23012,23109,23445,23816,23963,23428,22826,22110,21132,20023,18753
SE,19,2,2014, 100,16053,15837,15806,15900,16143,17060,19258,20771,21023,21046,21096,20979,20810,20548,20463,20580,20700,21448,21328,20854,20084,19197,18070,16973
SE,19,3,2014, 100,15643,15439,15400,15584,15791,16475,18147,19740,20052,19926,19995,19932,19843,19696,19650,19615,19501,19740,20095,19895,19264,18517,17448,16542
SE,16,4,2014, 100,14370,14166,14106,14247,14566,15260,16830,18112,18367,17962,17855,17668,17405,17091,16901,16664,16239,16264,16206,16265,16673,16483,15347,14391
SE,21,5,2014, 100,11455,11132,11052,11059,10815,11290,13069,14610,14989,15107,15460,15470,15360,15330,15116,15136,14796,14761,14342,14155,13845,13497,13120,12114
SE,18,6,2014, 100,11965,11653,11461,11232,11073,11552,13129,14613,15135,15341,15656,15635,15581,15477,15391,15409,14935,14923,14632,14372,13992,13470,13169,12593
SE,16,7,2014, 100,10175,9837,9666,9536,9299,9524,10376,11432,12205,12665,12988,13090,13165,13058,12940,12844,12718,12599,12329,12031,11703,11360,11286,10907
SE,20,8,2014, 100,11343,10980,10786,10762,10847,11248,12513,14018,14676,14833,15038,15024,15100,14878,14800,14750,14401,14269,13969,13828,13712,13685,12782,11796
SE,17,9,2014, 100,11604,11299,11253,11318,11515,12294,13876,15464,15771,15772,15752,15655,15462,15341,15119,15039,14779,14772,14654,15060,15139,14329,13249,12309
SE,15,10,2014, 100,12861,12498,12498,12600,12806,13617,15545,17298,17480,17577,17839,17776,17617,17501,17459,17475,17549,17968,18279,17999,17305,16382,15252,14206
SE,19,11,2014, 100,14561,14297,14222,14278,14510,15378,17416,19453,19713,19775,19840,19861,19929,19896,20049,20576,20797,20852,20268,19684,18999,18070,16887,15724
SE,17,12,2014, 100,16168,15863,15801,15797,16158,16966,19022,21066,21629,21358,21346,21279,21235,21308,21569,22352,22562,22505,21975,21527,20838,19889,18608,17635
SI,15,1,2014, 100,1368,1310,1275,1278,1284,1403,1750,1932,1924,1899,1900,1894,1906,1872,1867,1855,1873,1973,1992,1993,1883,1725,1616,1496
SI,19,2,2014, 100,1561,1485,1471,1459,1495,1566,1746,1942,1981,1996,1989,1998,1941,1918,1880,1843,1856,1915,1955,1951,1863,1691,1607,1620
SI,19,3,2014, 100,1484,1440,1390,1406,1436,1550,1663,1829,1836,1797,1767,1779,1769,1738,1716,1652,1647,1682,1819,1931,1819,1670,1540,1413
SI,16,4,2014, 100,1371,1447,1401,1403,1435,1533,1666,1867,1854,1844,1793,1771,1814,1778,1715,1757,1744,1746,1761,1860,1905,1764,1621,1515
SI,21,5,2014, 100,1508,1436,1395,1399,1408,1469,1603,1789,1810,1808,1766,1761,1763,1725,1661,1710,1709,1688,1710,1748,1787,1753,1616,1467
SI,18,6,2014, 100,1530,1439,1423,1400,1430,1466,1594,1763,1842,1809,1821,1825,1848,1806,1729,1725,1687,1683,1701,1742,1731,1731,1620,1520
SI,16,7,2014, 100,1378,1466,1450,1414,1411,1488,1587,1741,1823,1819,1838,1847,1835,1817,1738,1743,1758,1723,1701,1723,1716,1714,1638,1498
SI,20,8,2014, 100,1460,1376,1369,1374,1372,1464,1534,1694,1817,1803,1821,1757,1771,1783,1706,1707,1705,1663,1715,1746,1767,1654,1555,1426
SI,17,9,2014, 100,1506,1465,1434,1430,1461,1538,1632,1754,1826,1798,1783,1840,1830,2031,1787,1728,1732,1716,1762,1910,1873,1733,1580,1626
SI,15,10,2014, 100,1334,1285,1358,1281,1427,1363,1620,1811,1855,1861,1862,1874,1844,1870,1822,1789,1781,1773,1889,1973,1866,1706,1583,1474
SI,19,11,2014, 100,1513,1464,1453,1442,1479,1553,1896,1885,1930,1886,1856,1843,1869,1824,1847,1794,1903,1986,2030,1991,1904,1749,1584,1675
SI,17,12,2014, 100,1516,1334,1235,1233,1451,1542,1695,1915,1955,1971,1939,1985,1952,1927,1872,1853,1932,1971,1963,1959,1865,1880,1754,1652
SK,15,1,2014, 100,3090,2972,2904,2909,2999,3138,3554,3746,3888,3853,3859,3848,3853,3853,3804,3796,3871,3918,3863,3800,3764,3556,3375,3212
SK,19,2,2014, 100,3071,2956,2899,2914,2983,3123,3488,3673,3794,3853,3827,3863,3849,3825,3817,3779,3758,3836,3838,3806,3727,3526,3365,3191
SK,19,3,2014, 100,2936,2823,2754,2767,2842,2984,3312,3467,3565,3639,3608,3598,3568,3549,3535,3494,3454,3495,3660,3673,3599,3389,3188,3053
SK,16,4,2014, 100,2922,2813,2749,2745,2805,2939,3259,3476,3561,3635,3599,3558,3563,3548,3520,3476,3431,3395,3378,3523,3641,3460,3258,3104
SK,21,5,2014, 100,2782,2684,2610,2599,2628,2682,3008,3225,3264,3307,3303,3322,3361,3350,3314,3238,3194,3183,3158,3186,3283,3278,3069,2901
SK,18,6,2014, 100,2774,2671,2591,2576,2599,2651,2971,3136,3195,3281,3269,3300,3375,3349,3332,3273,3229,3191,3193,3227,3237,3256,3064,2905
SK,16,7,2014, 100,2767,2657,2578,2571,2596,2615,2913,3126,3283,3375,3376,3405,3438,3435,3395,3341,3234,3144,3099,3127,3203,3200,3047,2902
SK,20,8,2014, 100,2617,2480,2417,2438,2459,2526,2817,3060,3206,3291,3291,3305,3340,3315,3227,3137,3091,3043,3014,3110,3235,3069,2897,2754
SK,17,9,2014, 100,2796,2713,2636,2622,2687,2826,3186,3353,3430,3466,3424,3420,3454,3453,3389,3319,3300,3258,3271,3500,3506,3253,3099,2959
SK,15,10,2014, 100,2818,2695,2623,2672,2740,2874,3288,3454,3523,3565,3538,3499,3530,3523,3507,3488,3452,3420,3552,3582,3488,3237,3081,2930
SK,19,11,2014, 100,3003,2915,2853,2868,2937,3082,3503,3671,3758,3815,3793,3786,3779,3775,3788,3807,3911,3942,3864,3823,3709,3486,3281,3126
SK,17,12,2014, 100,3085,2960,2893,2909,2984,3146,3561,3747,3843,3853,3778,3792,3797,3764,3747,3787,3942,3963,3897,3875,3763,3535,3350,3189